especie,porte,idade_categoria,temperatura,umidade,atividade_pct,nivel_risco
gato,unico,adulto,18.98,37.34,12.8,atencao
gato,unico,adulto,28.36,47.83,23.5,normal
ave,unico,adulto,31.43,34.02,81.02,atencao
cao,medio,idoso,21.39,65.98,26.45,atencao
ave,unico,adulto,27.97,46.36,46.92,normal
cao,grande,adulto,24.56,50.99,4.32,critico
gato,unico,filhote,24.52,53.8,29.13,normal
cao,medio,idoso,24.85,45.46,61.6,normal
cao,pequeno,adulto,31.78,37.99,63.57,normal
gato,unico,adulto,28.29,31.86,66.64,normal
gato,unico,filhote,23.08,35.21,95.79,normal
gato,unico,adulto,33.52,62.34,40.89,normal
cao,grande,adulto,21.47,57.37,58.01,normal
cao,grande,adulto,21.83,49.81,27.58,normal
gato,unico,adulto,35.17,37.29,79.21,normal
gato,unico,adulto,25.95,38.32,63.25,normal
gato,unico,adulto,20.44,63.69,53.23,normal
cao,pequeno,filhote,26.16,82.74,94.49,atencao
ave,unico,adulto,26.24,46.86,37.94,normal
cao,pequeno,idoso,25.27,46.22,48.57,normal
cao,pequeno,idoso,31.69,45.13,49.24,normal
gato,unico,adulto,27.6,35.64,83.19,normal
cao,medio,filhote,22.08,66.55,25.39,atencao
gato,unico,adulto,22.78,30.22,13.15,critico
gato,unico,adulto,29.9,59.16,12.71,atencao
gato,unico,adulto,21.04,44.34,24.85,normal
cao,medio,filhote,32.13,54.19,17.6,atencao
cao,pequeno,adulto,20.95,42.44,49.39,normal
cao,grande,idoso,30.43,54.68,92.04,normal
ave,unico,idoso,31.67,46.18,83.13,normal
cao,grande,idoso,30.83,52.08,9.47,critico
ave,unico,adulto,20.2,64.87,42.21,atencao
cao,medio,adulto,26.59,38.07,92.18,atencao
cao,grande,idoso,27.19,52.15,78.51,atencao
cao,grande,adulto,22.09,54.18,65.49,normal
ave,unico,adulto,27.84,73.0,73.93,normal
gato,unico,filhote,29.32,62.94,69.06,normal
cao,pequeno,idoso,24.89,36.59,19.82,atencao
ave,unico,adulto,28.06,54.58,33.25,atencao
cao,medio,idoso,25.26,37.15,54.56,normal
cao,medio,adulto,38.55,24.72,25.04,critico
gato,unico,adulto,24.94,42.19,29.0,normal
gato,unico,adulto,27.48,49.39,73.86,normal
cao,medio,adulto,24.04,39.77,37.62,normal
cao,medio,adulto,23.28,52.32,16.06,atencao
gato,unico,filhote,21.82,41.63,8.79,atencao
ave,unico,filhote,34.34,63.82,49.89,normal
cao,pequeno,filhote,33.85,42.07,98.35,normal
cao,medio,adulto,26.17,31.32,15.18,atencao
cao,grande,adulto,29.52,57.23,64.82,normal
gato,unico,filhote,26.38,70.09,13.79,atencao
cao,grande,idoso,30.84,41.08,9.05,critico
gato,unico,adulto,25.15,55.29,68.85,normal
gato,unico,adulto,27.5,33.61,86.0,normal
gato,unico,adulto,24.49,37.46,18.47,normal
cao,medio,adulto,28.86,57.1,26.24,normal
cao,grande,adulto,27.68,20.23,32.21,atencao
gato,unico,adulto,33.17,75.8,94.62,atencao
ave,unico,filhote,27.69,52.77,47.85,normal
ave,unico,filhote,19.51,63.32,54.62,critico
gato,unico,adulto,41.09,52.21,60.02,critico
gato,unico,filhote,23.93,36.17,91.54,normal
gato,unico,adulto,32.61,17.83,7.79,atencao
cao,medio,filhote,30.05,61.79,89.86,normal
gato,unico,adulto,25.66,24.63,22.15,atencao
cao,pequeno,adulto,22.42,80.03,68.55,atencao
cao,pequeno,adulto,25.58,13.32,25.38,critico
cao,pequeno,idoso,23.18,51.66,8.68,critico
gato,unico,filhote,28.81,40.63,76.3,normal
ave,unico,adulto,28.32,51.39,83.52,normal
ave,unico,adulto,34.09,69.72,77.74,atencao
ave,unico,filhote,32.81,45.41,17.21,critico
cao,grande,idoso,24.51,41.3,98.09,normal
cao,pequeno,idoso,26.14,63.33,73.96,normal
gato,unico,idoso,30.51,50.09,65.16,normal
ave,unico,adulto,31.9,46.83,81.96,normal
cao,grande,filhote,24.7,30.05,32.49,atencao
cao,pequeno,adulto,34.92,48.8,14.19,atencao
gato,unico,filhote,31.56,58.42,96.14,normal
cao,pequeno,filhote,25.34,51.79,69.81,normal
gato,unico,adulto,36.56,41.78,47.73,atencao
gato,unico,adulto,31.92,42.68,29.41,normal
cao,grande,adulto,28.35,67.45,77.2,normal
cao,pequeno,adulto,28.55,33.89,71.13,normal
gato,unico,adulto,33.86,35.6,59.06,normal
cao,medio,adulto,33.16,59.63,77.28,normal
cao,medio,adulto,30.54,44.38,47.02,normal
gato,unico,adulto,17.1,40.25,66.98,atencao
gato,unico,adulto,21.14,30.21,11.28,atencao
cao,grande,idoso,23.6,35.41,57.42,normal
cao,grande,adulto,37.67,43.52,53.17,atencao
cao,grande,adulto,21.41,25.08,3.28,critico
gato,unico,adulto,22.17,69.27,86.31,normal
cao,grande,adulto,32.91,40.01,27.91,normal
ave,unico,adulto,21.8,91.63,88.81,critico
cao,pequeno,adulto,35.65,54.92,31.4,atencao
cao,pequeno,filhote,21.78,51.07,67.57,normal
gato,unico,adulto,28.92,59.04,97.95,normal
gato,unico,adulto,27.23,42.92,82.59,normal
cao,grande,adulto,24.06,81.16,43.81,critico
ave,unico,adulto,41.89,69.26,80.24,atencao
gato,unico,adulto,25.73,36.93,28.3,normal
gato,unico,filhote,24.03,51.67,14.29,atencao
cao,pequeno,adulto,29.9,41.2,96.61,normal
gato,unico,idoso,29.83,51.85,68.02,normal
ave,unico,adulto,30.87,92.83,45.31,critico
gato,unico,adulto,21.68,16.74,18.91,atencao
ave,unico,adulto,25.57,69.94,30.55,atencao
cao,grande,adulto,27.11,81.45,85.52,atencao
cao,grande,adulto,25.19,48.59,19.75,normal
ave,unico,filhote,26.62,70.86,93.33,normal
gato,unico,adulto,35.12,55.03,57.77,atencao
cao,grande,adulto,32.85,56.35,37.22,normal
gato,unico,filhote,21.89,54.84,19.83,normal
cao,medio,idoso,28.59,30.46,77.21,atencao
cao,medio,adulto,28.6,35.14,85.84,normal
gato,unico,idoso,30.82,81.68,96.8,critico
gato,unico,idoso,31.82,39.66,23.36,normal
ave,unico,adulto,26.41,40.64,41.14,normal
cao,medio,adulto,30.25,24.84,53.9,atencao
gato,unico,adulto,29.54,43.62,37.16,normal
cao,pequeno,idoso,27.45,75.88,73.81,atencao
cao,pequeno,adulto,33.16,59.4,85.26,normal
gato,unico,adulto,23.95,76.35,2.84,critico
gato,unico,idoso,27.9,25.51,48.28,atencao
gato,unico,filhote,30.29,44.59,94.3,normal
cao,grande,idoso,32.07,47.59,82.41,normal
gato,unico,adulto,30.56,34.12,91.72,normal
cao,grande,filhote,27.57,61.1,52.0,normal
cao,pequeno,filhote,17.3,34.82,97.07,atencao
gato,unico,adulto,31.86,44.2,96.33,normal
cao,grande,adulto,30.15,49.3,61.98,normal
ave,unico,filhote,27.04,45.35,76.61,normal
cao,pequeno,filhote,28.18,40.23,96.2,normal
cao,medio,adulto,31.72,34.54,94.82,normal
cao,medio,idoso,33.55,66.86,33.36,normal
cao,medio,idoso,20.65,44.93,37.68,atencao
ave,unico,adulto,41.06,69.29,91.35,atencao
cao,medio,filhote,31.82,47.49,45.12,normal
gato,unico,adulto,25.55,25.59,21.91,atencao
gato,unico,filhote,22.06,66.55,48.47,normal
ave,unico,filhote,21.2,49.67,94.57,critico
cao,pequeno,idoso,28.67,44.91,79.4,normal
cao,pequeno,adulto,27.23,45.12,77.88,normal
gato,unico,adulto,23.48,43.21,9.34,atencao
cao,pequeno,adulto,23.81,77.03,10.84,atencao
cao,medio,adulto,21.78,34.7,73.69,normal
cao,grande,idoso,30.64,52.83,28.74,atencao
cao,grande,filhote,25.9,42.71,27.09,atencao
gato,unico,idoso,23.71,65.75,18.65,atencao
gato,unico,adulto,33.58,31.73,90.75,normal
gato,unico,filhote,27.33,66.76,23.72,normal
ave,unico,adulto,32.75,73.93,69.0,normal
gato,unico,adulto,28.81,74.42,99.65,atencao
gato,unico,filhote,29.34,46.06,78.35,normal
gato,unico,adulto,32.81,89.75,90.67,critico
gato,unico,idoso,26.47,54.08,40.49,normal
gato,unico,adulto,22.63,48.55,8.53,atencao
gato,unico,adulto,28.17,33.11,97.82,normal
ave,unico,idoso,42.77,36.71,28.99,critico
cao,grande,filhote,31.5,56.28,40.89,normal
gato,unico,adulto,32.75,62.9,95.73,normal
gato,unico,adulto,30.16,54.54,50.55,normal
gato,unico,adulto,33.06,64.64,18.84,normal
cao,grande,adulto,20.4,26.66,61.03,atencao
cao,pequeno,adulto,34.78,23.91,53.57,atencao
cao,grande,adulto,34.55,63.68,87.87,atencao
gato,unico,adulto,26.56,46.59,38.24,normal
cao,pequeno,filhote,34.07,56.52,67.13,atencao
gato,unico,adulto,30.5,66.53,64.74,normal
cao,pequeno,adulto,30.89,60.28,53.34,normal
ave,unico,idoso,28.92,31.52,97.3,atencao
ave,unico,adulto,33.49,48.0,78.66,normal
gato,unico,adulto,34.14,40.75,16.89,atencao
gato,unico,filhote,38.1,59.26,60.48,critico
cao,pequeno,filhote,35.96,65.91,35.65,atencao
gato,unico,adulto,31.09,53.6,55.8,normal
ave,unico,adulto,30.89,67.46,76.56,normal
cao,grande,idoso,17.78,37.64,30.44,atencao
cao,grande,idoso,25.59,53.06,57.1,normal
gato,unico,adulto,26.12,66.17,8.48,atencao
cao,medio,adulto,27.71,61.35,54.74,normal
gato,unico,adulto,28.71,64.49,95.71,normal
ave,unico,adulto,27.06,72.43,66.99,normal
cao,pequeno,adulto,23.87,48.37,9.8,critico
gato,unico,idoso,26.91,44.18,69.81,normal
ave,unico,adulto,28.36,42.66,43.38,normal
ave,unico,adulto,26.79,45.32,44.02,normal
gato,unico,adulto,28.97,37.28,44.38,normal
ave,unico,idoso,36.72,56.73,35.31,atencao
gato,unico,adulto,22.41,37.69,18.47,normal
cao,medio,adulto,22.53,41.14,38.28,normal
ave,unico,filhote,27.11,46.21,68.28,normal
cao,medio,adulto,23.1,85.64,49.76,critico
cao,medio,adulto,15.2,61.98,72.09,atencao
cao,grande,adulto,21.23,64.94,94.07,normal
ave,unico,filhote,26.78,50.86,88.6,normal
gato,unico,adulto,12.99,69.45,60.61,critico
gato,unico,idoso,32.05,41.03,80.23,normal
cao,grande,adulto,27.97,81.21,27.75,atencao
cao,pequeno,adulto,23.79,58.53,23.43,atencao
cao,grande,idoso,27.65,51.09,36.98,normal
cao,pequeno,filhote,26.83,25.31,36.81,atencao
ave,unico,filhote,34.83,48.05,74.35,normal
ave,unico,filhote,36.05,45.28,72.67,normal
gato,unico,adulto,23.27,43.72,9.74,normal
cao,medio,adulto,25.33,55.95,60.97,normal
ave,unico,adulto,44.69,60.54,83.45,critico
cao,pequeno,adulto,26.47,35.1,2.84,critico
cao,grande,adulto,37.7,54.3,43.33,atencao
ave,unico,adulto,31.98,51.56,95.69,normal
cao,pequeno,adulto,15.51,36.11,43.45,critico
cao,grande,adulto,22.41,37.46,46.38,normal
cao,medio,adulto,22.6,65.87,11.2,atencao
gato,unico,adulto,27.34,88.48,99.77,critico
gato,unico,filhote,31.72,52.58,93.2,normal
cao,pequeno,filhote,21.19,66.15,64.05,normal
cao,grande,adulto,30.84,62.83,78.88,normal
ave,unico,filhote,32.42,56.8,90.5,normal
cao,grande,idoso,23.74,81.37,19.27,critico
cao,pequeno,adulto,13.68,51.19,78.04,critico
cao,pequeno,idoso,34.61,52.76,40.31,atencao
cao,medio,adulto,27.22,51.3,28.89,normal
ave,unico,adulto,29.71,44.7,39.12,normal
ave,unico,idoso,37.83,52.22,88.82,normal
gato,unico,adulto,23.56,57.26,79.62,normal
cao,medio,filhote,28.72,49.03,58.48,normal
gato,unico,adulto,24.88,27.76,78.41,atencao
gato,unico,adulto,25.72,67.32,14.91,atencao
gato,unico,filhote,23.49,45.89,93.94,normal
cao,pequeno,adulto,30.82,31.92,83.61,normal
gato,unico,adulto,31.59,60.02,13.0,atencao
cao,medio,adulto,32.38,27.22,19.98,atencao
ave,unico,filhote,32.27,53.3,92.78,normal
cao,medio,idoso,19.78,48.37,79.8,atencao
cao,pequeno,adulto,33.5,54.96,65.48,normal
cao,grande,adulto,26.58,53.1,51.65,normal
gato,unico,filhote,25.71,51.08,23.13,normal
gato,unico,adulto,23.21,51.71,51.68,normal
cao,medio,filhote,25.37,24.52,39.24,atencao
cao,grande,adulto,31.91,54.8,65.01,normal
cao,medio,adulto,33.41,61.54,1.52,critico
cao,medio,idoso,15.41,59.47,39.51,critico
cao,grande,idoso,23.73,57.28,64.28,normal
cao,grande,adulto,39.71,62.85,33.3,critico
cao,pequeno,idoso,35.04,53.53,64.87,atencao
ave,unico,idoso,32.47,26.02,83.66,critico
gato,unico,idoso,35.56,53.35,64.22,critico
gato,unico,adulto,30.03,53.96,85.28,normal
gato,unico,adulto,33.43,87.92,49.07,critico
cao,pequeno,adulto,26.93,79.22,93.39,atencao
ave,unico,adulto,26.95,43.53,51.64,normal
gato,unico,idoso,29.69,53.16,26.06,normal
ave,unico,adulto,37.86,38.84,80.97,atencao
cao,grande,adulto,22.29,53.05,6.07,critico
cao,medio,adulto,26.36,59.46,95.08,normal
gato,unico,filhote,32.06,48.33,0.67,critico
gato,unico,adulto,10.83,37.45,86.19,critico
gato,unico,adulto,24.65,42.46,34.33,normal
gato,unico,filhote,13.8,34.86,45.25,critico
cao,medio,idoso,31.36,33.16,52.95,normal
ave,unico,adulto,30.57,58.81,94.79,normal
ave,unico,adulto,29.85,52.14,82.94,normal
gato,unico,adulto,26.33,38.98,9.52,atencao
gato,unico,adulto,21.97,78.66,6.66,atencao
cao,pequeno,filhote,21.56,43.59,84.51,normal
gato,unico,filhote,24.35,40.48,35.16,normal
cao,medio,adulto,27.73,69.02,59.42,normal
gato,unico,adulto,35.24,33.41,99.73,atencao
cao,grande,adulto,27.53,53.82,30.03,normal
gato,unico,adulto,30.5,38.4,91.33,atencao
cao,grande,adulto,36.4,15.55,60.41,atencao
gato,unico,idoso,27.77,81.22,76.45,critico
gato,unico,adulto,27.39,51.38,55.89,normal
gato,unico,adulto,26.96,60.61,23.75,normal
cao,medio,adulto,25.02,33.02,21.3,atencao
cao,grande,adulto,35.81,55.76,55.66,atencao
gato,unico,adulto,20.36,36.25,75.86,normal
ave,unico,adulto,22.04,59.31,51.5,atencao
ave,unico,adulto,27.75,57.69,15.95,critico
ave,unico,adulto,29.75,59.93,92.68,normal
cao,grande,adulto,28.35,71.49,43.24,atencao
cao,grande,filhote,30.33,62.09,88.02,normal
gato,unico,idoso,25.78,55.71,34.53,normal
cao,pequeno,filhote,24.86,63.48,30.33,normal
gato,unico,adulto,13.68,63.93,6.23,critico
cao,medio,adulto,33.15,55.72,20.56,atencao
cao,pequeno,adulto,33.66,54.99,50.19,normal
cao,grande,adulto,32.38,23.85,45.1,atencao
cao,pequeno,idoso,29.08,46.92,68.38,normal
gato,unico,adulto,41.31,38.78,97.84,critico
cao,grande,filhote,31.07,36.88,69.35,normal
cao,pequeno,adulto,34.78,48.84,12.73,atencao
gato,unico,adulto,34.07,40.75,61.04,atencao
cao,grande,adulto,29.5,40.32,35.45,normal
ave,unico,adulto,36.69,76.98,93.54,atencao
cao,medio,adulto,30.37,15.28,23.71,atencao
cao,medio,adulto,21.77,87.49,30.04,critico
ave,unico,adulto,23.26,85.8,41.93,normal
cao,medio,adulto,22.1,40.55,44.99,normal
cao,medio,adulto,30.98,40.03,72.48,normal
cao,medio,idoso,17.62,64.09,58.97,atencao
gato,unico,adulto,25.36,76.33,45.08,atencao
cao,medio,adulto,34.38,37.37,31.78,normal
ave,unico,adulto,35.79,42.39,89.41,normal
cao,grande,adulto,26.56,66.62,79.11,normal
gato,unico,filhote,28.31,73.07,3.9,critico
cao,pequeno,filhote,33.07,57.91,44.58,normal
ave,unico,filhote,26.42,50.43,76.18,normal
gato,unico,idoso,21.66,49.88,66.8,normal
cao,pequeno,adulto,25.01,60.84,32.99,normal
cao,grande,adulto,21.13,59.13,62.16,normal
cao,pequeno,adulto,30.33,47.39,43.48,normal
cao,pequeno,adulto,32.29,61.98,77.1,normal
gato,unico,filhote,24.29,53.07,47.37,atencao
cao,grande,adulto,21.37,66.69,35.26,normal
cao,pequeno,idoso,33.24,48.16,42.48,normal
gato,unico,idoso,27.5,62.68,77.95,normal
gato,unico,filhote,20.03,57.62,70.12,normal
gato,unico,idoso,32.72,63.71,70.9,normal
cao,medio,filhote,29.96,32.29,32.19,atencao
gato,unico,filhote,29.45,64.46,1.06,atencao
gato,unico,adulto,17.37,42.51,25.24,atencao
gato,unico,adulto,30.23,28.87,97.54,atencao
cao,grande,adulto,13.98,59.8,29.12,critico
gato,unico,idoso,26.47,50.76,3.79,critico
ave,unico,adulto,34.1,78.45,42.84,atencao
gato,unico,adulto,21.08,57.85,43.89,normal
gato,unico,adulto,30.15,32.61,41.8,normal
cao,grande,filhote,28.0,59.88,17.39,atencao
gato,unico,filhote,28.5,63.12,68.37,normal
cao,pequeno,filhote,24.1,33.83,90.83,normal
cao,pequeno,adulto,20.32,64.99,64.67,normal
ave,unico,filhote,37.22,66.39,99.88,normal
cao,grande,adulto,35.16,21.03,60.99,atencao
cao,medio,adulto,29.41,64.95,98.81,normal
gato,unico,filhote,30.19,47.2,52.35,normal
gato,unico,idoso,29.83,41.12,26.74,normal
cao,pequeno,filhote,25.65,42.77,50.33,normal
ave,unico,idoso,39.45,50.87,94.73,atencao
ave,unico,idoso,23.62,54.06,81.16,atencao
ave,unico,adulto,28.06,73.25,86.11,normal
gato,unico,adulto,21.25,46.7,89.73,normal
gato,unico,idoso,32.29,48.89,68.16,normal
ave,unico,adulto,27.34,74.69,50.06,normal
ave,unico,adulto,38.2,62.74,74.5,normal
ave,unico,adulto,32.18,48.07,46.47,normal
ave,unico,filhote,28.67,48.17,87.03,normal
cao,grande,adulto,25.25,32.31,97.68,normal
gato,unico,idoso,31.57,64.54,99.58,normal
ave,unico,adulto,27.43,53.87,84.29,normal
cao,medio,adulto,30.44,36.16,86.19,normal
cao,grande,filhote,23.99,40.61,67.32,normal
cao,medio,adulto,28.89,53.2,31.86,normal
gato,unico,adulto,32.28,40.62,26.01,normal
cao,medio,adulto,10.22,64.09,27.66,critico
cao,pequeno,adulto,24.94,23.26,31.52,atencao
cao,grande,adulto,35.76,30.2,77.18,atencao
gato,unico,idoso,21.63,51.11,17.2,atencao
gato,unico,filhote,22.35,63.41,99.3,normal
cao,grande,adulto,36.49,49.22,5.92,critico
gato,unico,idoso,30.86,44.83,73.48,normal
cao,grande,adulto,28.49,40.68,90.9,normal
cao,grande,adulto,31.96,56.34,88.79,normal
cao,pequeno,adulto,33.01,58.33,87.78,normal
gato,unico,adulto,29.76,71.59,74.41,atencao
cao,medio,adulto,22.84,28.21,23.08,atencao
gato,unico,adulto,20.41,10.03,84.7,critico
cao,grande,adulto,23.43,66.35,25.08,normal
ave,unico,adulto,32.79,66.48,51.81,normal
cao,pequeno,adulto,22.9,33.36,49.48,normal
cao,medio,filhote,28.26,36.94,5.53,critico
ave,unico,adulto,25.13,68.65,43.35,normal
gato,unico,idoso,20.03,51.4,96.95,atencao
cao,medio,idoso,25.48,54.51,95.2,normal
gato,unico,filhote,22.27,64.87,13.98,atencao
ave,unico,filhote,26.86,51.58,82.83,normal
cao,medio,adulto,21.01,53.29,50.94,normal
cao,grande,adulto,29.31,31.83,90.37,normal
cao,medio,adulto,34.6,68.76,81.22,normal
ave,unico,adulto,26.82,21.92,39.27,critico
gato,unico,filhote,18.18,49.61,14.95,atencao
cao,medio,adulto,35.0,36.36,60.14,atencao
cao,pequeno,adulto,34.16,34.09,22.81,atencao
ave,unico,filhote,32.32,67.2,58.73,normal
cao,grande,filhote,36.84,56.14,75.61,critico
gato,unico,idoso,20.49,68.93,53.25,atencao
cao,pequeno,adulto,34.15,46.79,72.89,normal
cao,medio,adulto,25.96,40.97,98.8,normal
gato,unico,filhote,13.4,57.63,79.07,critico
cao,grande,adulto,23.01,64.72,78.62,normal
cao,medio,adulto,28.44,48.86,65.74,normal
cao,grande,adulto,22.39,28.03,83.24,atencao
ave,unico,adulto,35.79,69.57,31.42,critico
gato,unico,idoso,28.5,37.46,20.33,normal
cao,pequeno,adulto,33.81,17.78,59.66,atencao
gato,unico,adulto,20.02,16.88,73.27,atencao
cao,grande,idoso,26.61,39.82,64.11,normal
gato,unico,adulto,20.9,53.28,37.86,normal
cao,pequeno,adulto,31.96,42.41,59.14,normal
cao,pequeno,filhote,21.27,35.46,57.12,normal
ave,unico,adulto,31.72,61.0,53.96,normal
gato,unico,adulto,29.73,64.4,3.9,atencao
cao,pequeno,adulto,20.59,49.22,32.87,normal
gato,unico,adulto,23.39,69.47,0.71,critico
cao,pequeno,adulto,40.41,38.41,50.95,critico
gato,unico,adulto,30.86,67.65,21.16,normal
cao,pequeno,adulto,28.01,65.3,31.19,normal
cao,medio,filhote,31.64,45.17,52.15,atencao
ave,unico,idoso,37.68,48.6,81.95,normal
cao,pequeno,adulto,32.32,31.65,75.28,normal
ave,unico,filhote,37.37,46.32,39.35,atencao
ave,unico,adulto,33.33,61.58,74.84,normal
gato,unico,adulto,24.18,67.41,95.52,normal
cao,grande,filhote,29.1,59.64,72.63,atencao
ave,unico,adulto,31.78,63.13,70.95,normal
ave,unico,filhote,40.03,56.08,79.03,atencao
gato,unico,adulto,27.37,87.19,76.61,critico
cao,medio,filhote,28.69,55.11,63.24,normal
ave,unico,idoso,33.38,52.41,68.83,normal
cao,medio,idoso,30.61,62.64,6.1,critico
gato,unico,filhote,21.57,74.08,76.88,atencao
cao,medio,filhote,24.04,66.88,28.97,atencao
cao,pequeno,adulto,29.75,37.98,76.02,normal
gato,unico,adulto,17.09,38.14,86.44,atencao
gato,unico,adulto,22.44,25.91,78.13,atencao
gato,unico,adulto,25.96,43.84,46.54,normal
gato,unico,adulto,33.83,31.6,88.7,normal
gato,unico,adulto,28.1,47.54,76.65,normal
gato,unico,idoso,26.84,62.7,91.82,normal
gato,unico,idoso,26.07,42.41,66.43,normal
cao,pequeno,idoso,32.76,40.16,73.39,normal
cao,pequeno,filhote,29.18,16.43,84.19,critico
cao,pequeno,adulto,26.08,54.07,72.44,normal
cao,grande,adulto,25.59,72.71,89.08,atencao
ave,unico,adulto,31.89,48.65,91.6,normal
cao,pequeno,adulto,26.68,87.9,74.7,critico
ave,unico,idoso,27.18,62.03,59.54,normal
cao,pequeno,filhote,26.21,62.17,30.05,normal
cao,grande,adulto,28.83,53.95,54.75,normal
gato,unico,idoso,23.87,40.98,90.42,normal
gato,unico,adulto,26.19,43.24,53.15,normal
ave,unico,adulto,41.49,55.08,51.17,atencao
gato,unico,adulto,28.64,58.27,29.2,normal
cao,medio,idoso,23.26,34.25,81.39,normal
gato,unico,adulto,12.67,61.27,74.96,critico
cao,pequeno,adulto,26.7,64.57,66.86,normal
gato,unico,adulto,27.56,31.37,98.87,normal
gato,unico,idoso,22.51,40.86,21.9,normal
gato,unico,adulto,28.96,38.99,30.3,normal
ave,unico,filhote,27.1,36.34,43.62,atencao
cao,pequeno,adulto,22.23,69.47,97.38,normal
ave,unico,adulto,25.07,73.31,76.54,normal
cao,grande,adulto,33.02,48.19,5.16,critico
gato,unico,adulto,26.84,56.67,26.87,normal
gato,unico,adulto,34.4,35.74,94.88,atencao
gato,unico,adulto,30.26,36.5,31.01,normal
ave,unico,idoso,20.16,55.83,38.85,critico
gato,unico,adulto,22.48,57.71,86.24,normal
cao,medio,adulto,34.17,70.26,43.31,atencao
gato,unico,adulto,31.63,23.56,17.58,atencao
gato,unico,adulto,36.39,66.75,66.05,normal
gato,unico,adulto,18.29,13.33,64.06,critico
ave,unico,adulto,29.88,45.58,74.32,atencao
cao,grande,adulto,24.77,64.66,24.9,atencao
gato,unico,idoso,30.0,27.48,78.46,atencao
gato,unico,adulto,32.3,46.17,42.8,normal
gato,unico,adulto,29.35,83.52,89.62,atencao
ave,unico,idoso,29.82,68.47,63.27,normal
cao,medio,adulto,36.63,30.23,49.34,atencao
ave,unico,idoso,30.41,37.06,63.55,atencao
cao,grande,adulto,28.23,53.86,65.93,normal
ave,unico,adulto,31.22,40.51,73.16,normal
gato,unico,idoso,23.05,54.85,80.18,normal
ave,unico,adulto,32.01,58.98,96.85,normal
gato,unico,idoso,31.13,64.08,84.66,normal
gato,unico,adulto,21.52,35.96,59.76,normal
cao,medio,adulto,23.69,49.07,54.58,normal
gato,unico,adulto,27.69,59.88,75.82,normal
cao,grande,adulto,27.82,17.94,25.57,atencao
gato,unico,filhote,28.75,63.53,37.7,normal
ave,unico,adulto,37.98,42.11,34.02,atencao
gato,unico,adulto,24.92,85.83,67.47,critico
ave,unico,adulto,32.32,63.45,19.3,critico
cao,pequeno,adulto,27.98,53.24,31.72,normal
gato,unico,adulto,30.05,46.0,98.02,normal
gato,unico,adulto,31.52,50.9,25.47,normal
gato,unico,idoso,31.28,60.19,32.85,normal
ave,unico,idoso,29.56,66.23,52.07,normal
gato,unico,adulto,41.81,49.34,83.51,critico
cao,medio,adulto,28.25,31.74,72.49,atencao
cao,grande,idoso,33.26,53.45,87.24,normal
cao,pequeno,adulto,33.26,39.12,40.9,normal
cao,grande,idoso,28.92,46.97,10.16,critico
ave,unico,adulto,37.6,52.37,50.4,normal
ave,unico,adulto,35.93,49.62,88.47,normal
cao,medio,adulto,26.36,56.7,32.17,normal
gato,unico,adulto,28.73,48.07,64.86,normal
cao,pequeno,adulto,22.52,28.04,60.47,atencao
gato,unico,adulto,15.48,30.95,69.57,atencao
cao,medio,filhote,28.87,51.59,45.78,normal
ave,unico,filhote,30.7,60.31,70.4,normal
cao,grande,filhote,33.72,37.64,78.48,normal
cao,pequeno,filhote,26.28,47.56,80.07,normal
cao,medio,filhote,29.95,66.7,38.47,normal
ave,unico,adulto,26.46,65.35,28.68,atencao
cao,grande,adulto,24.11,73.97,73.4,atencao
ave,unico,adulto,39.58,51.32,49.73,atencao
ave,unico,adulto,29.97,42.43,68.74,normal
gato,unico,filhote,21.85,60.21,36.89,normal
gato,unico,idoso,27.48,62.92,71.25,normal
gato,unico,adulto,27.46,42.97,43.31,normal
gato,unico,adulto,29.37,69.77,71.26,normal
cao,grande,filhote,21.11,48.18,52.96,atencao
ave,unico,filhote,32.96,45.27,97.75,normal
gato,unico,idoso,28.61,58.66,7.89,atencao
ave,unico,adulto,30.73,54.79,88.42,normal
cao,pequeno,idoso,21.14,43.23,11.58,critico
cao,medio,adulto,27.12,45.3,33.99,normal
gato,unico,adulto,33.64,30.8,77.66,normal
gato,unico,adulto,30.76,39.75,72.08,normal
cao,grande,filhote,22.31,41.74,85.03,normal
gato,unico,filhote,31.34,53.69,59.39,normal
gato,unico,adulto,22.23,32.52,25.0,normal
ave,unico,filhote,28.76,34.47,46.33,atencao
cao,medio,adulto,34.05,52.15,47.91,normal
cao,pequeno,idoso,26.19,32.27,91.06,atencao
ave,unico,filhote,27.97,66.02,74.98,normal
gato,unico,adulto,27.93,45.64,57.6,normal
ave,unico,adulto,30.56,58.89,75.82,normal
cao,pequeno,adulto,30.11,51.3,79.11,normal
cao,grande,adulto,22.12,11.52,31.07,critico
gato,unico,idoso,25.85,38.9,74.88,normal
ave,unico,filhote,30.17,71.65,78.88,normal
gato,unico,adulto,31.51,35.3,88.27,normal
cao,pequeno,adulto,36.82,35.57,92.37,atencao
cao,medio,adulto,32.44,77.54,54.9,atencao
gato,unico,idoso,19.63,37.14,57.03,atencao
gato,unico,adulto,27.09,39.3,21.8,atencao
gato,unico,adulto,30.87,34.88,65.51,normal
ave,unico,idoso,19.33,75.92,91.26,critico
cao,grande,filhote,21.13,33.6,22.4,atencao
cao,pequeno,idoso,17.52,35.09,84.52,atencao
gato,unico,filhote,26.52,82.17,79.76,critico
gato,unico,adulto,28.67,41.89,51.58,normal
cao,medio,adulto,22.56,32.99,83.7,normal
cao,pequeno,filhote,24.51,39.04,23.97,atencao
cao,pequeno,idoso,29.01,54.53,45.57,normal
ave,unico,filhote,24.41,51.74,77.88,atencao
cao,pequeno,idoso,36.04,57.63,85.32,atencao
gato,unico,idoso,25.87,55.24,46.82,normal
cao,pequeno,filhote,27.83,49.38,41.9,normal
cao,pequeno,idoso,26.06,65.77,4.25,critico
gato,unico,filhote,22.64,47.23,82.73,normal
ave,unico,adulto,33.15,63.83,47.33,normal
ave,unico,adulto,33.67,25.18,50.68,normal
cao,grande,adulto,34.64,62.06,96.97,normal
ave,unico,filhote,31.86,45.89,73.41,normal
gato,unico,adulto,26.36,63.77,23.34,normal
cao,medio,idoso,27.35,38.1,5.01,critico
ave,unico,adulto,35.32,56.66,59.43,normal
cao,pequeno,adulto,25.92,48.38,21.78,atencao
cao,medio,filhote,32.5,65.48,84.96,normal
gato,unico,adulto,24.42,57.53,52.2,normal
cao,medio,adulto,23.82,63.63,27.88,normal
cao,pequeno,filhote,40.33,61.05,64.38,critico
cao,grande,idoso,26.05,82.93,72.75,critico
gato,unico,adulto,20.93,83.24,6.06,critico
gato,unico,adulto,33.84,47.73,19.07,normal
cao,pequeno,adulto,20.57,59.85,74.43,normal
cao,grande,adulto,32.03,34.21,27.67,normal
ave,unico,filhote,44.19,53.13,58.62,critico
gato,unico,idoso,25.21,59.34,72.11,normal
cao,medio,adulto,22.78,36.96,32.38,normal
gato,unico,adulto,29.24,60.57,37.53,normal
gato,unico,adulto,20.29,33.29,14.68,atencao
gato,unico,adulto,24.14,73.42,97.96,atencao
cao,pequeno,idoso,29.63,33.35,47.44,normal
gato,unico,filhote,39.37,32.49,57.03,critico
gato,unico,adulto,32.54,42.89,25.64,normal
cao,grande,filhote,27.17,36.87,63.72,normal
ave,unico,adulto,37.88,58.23,29.25,atencao
ave,unico,adulto,27.19,41.53,42.2,normal
gato,unico,idoso,28.17,36.23,48.61,normal
ave,unico,filhote,32.6,54.19,50.8,normal
gato,unico,adulto,23.83,67.13,72.46,normal
cao,pequeno,adulto,27.44,30.51,99.43,normal
gato,unico,adulto,29.4,42.68,89.74,normal
cao,medio,adulto,23.88,51.76,72.71,normal
ave,unico,filhote,28.68,83.11,84.03,atencao
cao,medio,filhote,17.64,34.83,52.0,atencao
ave,unico,idoso,35.01,50.64,72.92,normal
ave,unico,adulto,35.19,43.78,79.54,normal
ave,unico,filhote,27.14,71.34,32.15,atencao
gato,unico,adulto,22.11,43.7,50.14,normal
ave,unico,idoso,35.07,36.36,58.68,atencao
cao,medio,adulto,28.48,57.56,90.5,normal
cao,medio,adulto,29.54,60.44,12.4,atencao
cao,pequeno,adulto,26.92,30.37,43.5,atencao
ave,unico,idoso,25.55,50.89,52.59,critico
ave,unico,adulto,37.32,63.01,55.21,normal
cao,medio,adulto,31.14,62.6,71.12,normal
ave,unico,adulto,34.63,53.13,70.02,normal
ave,unico,adulto,32.34,69.68,18.4,critico
gato,unico,idoso,34.85,39.88,96.55,atencao
gato,unico,adulto,25.15,43.08,27.66,normal
gato,unico,adulto,24.28,77.53,25.6,atencao
cao,medio,adulto,25.78,55.73,83.53,normal
ave,unico,idoso,28.63,46.73,80.18,normal
gato,unico,adulto,20.03,15.05,67.67,atencao
cao,pequeno,adulto,25.33,61.77,31.97,normal
cao,pequeno,idoso,28.62,49.35,23.1,atencao
cao,medio,adulto,20.97,53.2,67.11,normal
gato,unico,idoso,33.08,49.54,67.01,atencao
ave,unico,idoso,18.15,67.17,70.49,critico
cao,grande,adulto,21.16,32.34,50.07,normal
cao,grande,adulto,31.77,58.31,84.15,normal
gato,unico,filhote,27.21,47.97,29.79,normal
gato,unico,adulto,24.59,47.36,22.53,normal
ave,unico,adulto,28.09,37.02,84.83,atencao
gato,unico,idoso,29.78,43.18,31.93,normal
gato,unico,adulto,28.93,49.85,30.15,normal
ave,unico,adulto,34.6,74.69,83.57,normal
ave,unico,filhote,19.66,60.11,52.03,critico
ave,unico,adulto,30.07,51.71,20.39,atencao
cao,medio,adulto,20.36,78.8,77.33,atencao
cao,medio,adulto,33.94,61.3,29.21,normal
ave,unico,adulto,36.94,47.89,59.5,normal
cao,grande,idoso,27.01,83.76,61.75,critico
ave,unico,idoso,31.8,46.6,45.92,normal
gato,unico,adulto,30.19,49.86,2.18,critico
cao,pequeno,adulto,30.94,60.62,36.92,normal
gato,unico,adulto,28.54,35.41,78.87,normal
ave,unico,adulto,34.2,73.48,39.48,normal
gato,unico,idoso,21.73,42.59,39.2,normal
cao,medio,idoso,24.27,63.81,47.03,normal
ave,unico,adulto,28.81,81.43,89.91,atencao
ave,unico,filhote,29.24,47.28,91.36,normal
cao,medio,adulto,20.7,54.79,67.15,normal
cao,grande,adulto,25.19,42.61,82.89,normal
cao,grande,adulto,21.3,39.47,20.99,atencao
cao,medio,adulto,28.22,35.12,91.16,normal
gato,unico,adulto,25.51,63.11,81.96,atencao
gato,unico,adulto,28.74,49.78,98.26,normal
cao,pequeno,adulto,22.17,59.01,12.87,atencao
gato,unico,adulto,24.74,42.35,95.5,normal
gato,unico,adulto,33.54,37.32,16.87,normal
cao,pequeno,idoso,30.31,47.21,35.68,normal
cao,pequeno,adulto,30.26,51.8,98.54,normal
gato,unico,idoso,23.76,46.74,12.27,atencao
ave,unico,idoso,35.47,58.95,77.23,normal
ave,unico,adulto,40.37,56.96,22.49,atencao
gato,unico,adulto,33.24,64.0,3.35,critico
gato,unico,filhote,39.81,48.65,79.35,critico
cao,pequeno,adulto,24.36,61.48,33.4,normal
gato,unico,adulto,24.98,69.12,12.94,atencao
cao,grande,adulto,27.46,73.88,37.35,atencao
cao,pequeno,adulto,18.79,60.16,26.35,critico
cao,grande,adulto,37.63,65.18,90.29,atencao
gato,unico,adulto,23.34,12.8,78.81,critico
gato,unico,adulto,27.81,52.1,23.0,normal
ave,unico,filhote,25.66,58.65,70.46,atencao
ave,unico,idoso,27.31,62.16,89.54,normal
cao,pequeno,adulto,25.71,61.02,97.34,normal
gato,unico,adulto,22.85,50.93,39.41,normal
cao,pequeno,filhote,31.23,52.64,74.21,normal
ave,unico,adulto,36.17,53.86,94.48,normal
cao,pequeno,adulto,28.0,36.32,77.19,normal
ave,unico,adulto,36.11,51.09,90.72,normal
gato,unico,adulto,19.49,36.75,58.1,atencao
gato,unico,adulto,28.37,31.34,45.91,normal
gato,unico,filhote,29.77,68.94,53.91,atencao
gato,unico,adulto,28.61,33.34,90.01,normal
gato,unico,adulto,31.25,50.21,97.21,normal
cao,medio,adulto,26.27,69.36,75.09,normal
gato,unico,filhote,28.6,38.64,90.28,normal
ave,unico,adulto,30.98,45.68,35.82,normal
gato,unico,adulto,27.84,51.1,3.6,critico
cao,pequeno,filhote,37.47,45.89,98.13,critico
ave,unico,adulto,29.72,37.29,70.15,atencao
ave,unico,idoso,34.5,90.07,94.19,critico
gato,unico,adulto,39.3,44.31,57.01,critico
cao,medio,filhote,31.69,44.4,41.68,normal
gato,unico,adulto,29.97,63.04,23.55,normal
ave,unico,adulto,28.36,44.97,57.62,normal
cao,medio,adulto,26.76,59.95,73.84,normal
cao,pequeno,idoso,29.04,83.44,86.32,critico
gato,unico,idoso,31.09,41.64,20.21,normal
gato,unico,filhote,29.85,36.62,43.58,normal
gato,unico,adulto,20.05,57.27,29.21,normal
gato,unico,filhote,33.53,61.46,40.65,atencao
ave,unico,adulto,21.7,70.32,49.01,atencao
cao,grande,adulto,11.06,31.33,47.8,critico
cao,grande,filhote,29.45,64.9,90.91,normal
gato,unico,filhote,30.17,59.81,13.71,atencao
cao,grande,adulto,23.9,66.29,75.3,normal
cao,grande,adulto,28.41,34.44,58.53,normal
cao,pequeno,adulto,26.91,64.58,5.47,critico
ave,unico,idoso,30.58,71.68,47.69,normal
cao,pequeno,filhote,26.51,34.43,81.64,normal
cao,medio,idoso,32.83,42.52,90.0,normal
cao,medio,filhote,24.85,63.97,25.07,atencao
cao,pequeno,adulto,32.07,30.72,97.21,normal
gato,unico,adulto,30.17,42.19,85.5,normal
gato,unico,idoso,24.4,62.67,26.92,normal
gato,unico,adulto,29.85,51.63,23.21,atencao
cao,grande,adulto,23.63,30.5,60.16,normal
gato,unico,filhote,24.64,53.34,1.75,critico
cao,medio,adulto,24.5,59.73,28.61,normal
cao,grande,idoso,36.11,75.51,71.29,atencao
ave,unico,idoso,36.67,48.14,45.82,normal
cao,medio,adulto,23.59,61.78,27.6,normal
cao,medio,adulto,28.74,69.82,89.18,normal
gato,unico,adulto,27.3,32.55,85.67,normal
gato,unico,adulto,17.44,59.5,59.65,atencao
gato,unico,filhote,21.44,62.53,22.97,normal
cao,pequeno,adulto,34.34,31.01,77.08,normal
ave,unico,adulto,26.15,71.87,65.19,normal
ave,unico,filhote,27.69,52.76,50.87,normal
cao,grande,idoso,23.3,28.3,71.18,atencao
gato,unico,idoso,29.41,41.07,11.91,atencao
gato,unico,idoso,22.29,46.07,57.81,normal
gato,unico,adulto,29.13,68.02,11.01,atencao
cao,pequeno,adulto,31.15,50.25,72.56,normal
gato,unico,adulto,20.99,40.18,45.76,normal
gato,unico,adulto,26.61,31.83,26.9,normal
cao,medio,adulto,24.15,68.86,49.85,normal
cao,pequeno,idoso,27.27,39.67,72.53,normal
cao,pequeno,idoso,24.7,40.04,65.88,normal
cao,medio,adulto,20.08,85.25,8.33,critico
cao,pequeno,adulto,35.32,43.55,85.19,atencao
ave,unico,adulto,33.01,57.94,54.08,normal
ave,unico,filhote,37.14,54.44,46.3,normal
cao,grande,adulto,29.26,77.97,90.99,atencao
cao,grande,idoso,28.45,34.01,77.09,normal
cao,pequeno,adulto,20.67,48.02,23.94,atencao
cao,grande,adulto,22.48,45.59,79.74,normal
gato,unico,filhote,35.26,57.28,67.71,atencao
cao,pequeno,filhote,25.07,61.01,96.83,normal
gato,unico,filhote,30.82,33.05,13.37,atencao
cao,medio,adulto,20.77,40.3,29.46,normal
ave,unico,adulto,33.45,64.03,42.44,normal
gato,unico,adulto,25.37,48.25,46.37,normal
cao,pequeno,idoso,22.67,47.24,82.44,normal
ave,unico,filhote,23.52,52.18,85.29,atencao
ave,unico,idoso,30.96,61.85,79.2,normal
gato,unico,adulto,32.43,15.15,3.18,critico
gato,unico,idoso,31.92,53.83,16.16,atencao
cao,grande,idoso,30.36,37.1,93.11,normal
gato,unico,filhote,21.84,51.15,7.55,atencao
ave,unico,adulto,25.16,54.77,54.18,normal
gato,unico,idoso,26.83,52.62,21.25,normal
gato,unico,adulto,14.04,38.64,54.66,critico
cao,medio,filhote,35.54,61.75,78.29,atencao
gato,unico,adulto,26.02,56.92,38.41,normal
ave,unico,adulto,29.29,67.61,26.7,atencao
gato,unico,adulto,31.18,62.9,87.89,normal
gato,unico,idoso,15.6,36.36,16.35,critico
cao,pequeno,adulto,20.18,44.8,27.06,normal
gato,unico,idoso,25.73,50.88,59.79,normal
gato,unico,idoso,34.05,37.85,90.95,atencao
ave,unico,filhote,30.17,47.22,42.67,normal
gato,unico,idoso,28.74,54.65,45.7,normal
cao,grande,adulto,21.08,87.98,32.59,critico
gato,unico,adulto,31.86,51.24,86.55,normal
gato,unico,filhote,27.95,52.03,26.32,normal
cao,pequeno,idoso,23.26,66.05,45.54,normal
gato,unico,idoso,32.68,20.07,49.29,critico
gato,unico,adulto,16.04,67.03,50.2,atencao
cao,medio,adulto,15.12,60.25,59.39,atencao
gato,unico,adulto,24.05,66.0,24.87,normal
ave,unico,adulto,40.12,56.59,63.87,atencao
cao,pequeno,adulto,34.92,51.82,31.62,normal
cao,grande,filhote,28.86,38.15,31.6,normal
cao,pequeno,adulto,34.56,60.94,98.51,normal
cao,grande,adulto,27.17,51.29,12.53,atencao
gato,unico,idoso,23.99,61.51,46.98,normal
cao,pequeno,idoso,31.67,16.22,33.48,critico
gato,unico,adulto,24.79,40.81,14.66,atencao
gato,unico,adulto,27.81,43.89,64.34,normal
cao,medio,idoso,22.9,48.1,22.82,atencao
cao,medio,filhote,12.91,59.6,81.26,critico
ave,unico,adulto,29.21,51.4,86.51,normal
gato,unico,adulto,16.01,45.81,18.35,atencao
gato,unico,adulto,26.66,51.72,34.36,normal
gato,unico,filhote,32.52,63.92,77.12,normal
ave,unico,filhote,32.4,68.51,48.86,normal
gato,unico,idoso,30.46,67.74,73.71,critico
gato,unico,filhote,26.6,34.17,97.5,normal
gato,unico,adulto,33.29,50.52,22.96,normal
cao,medio,adulto,31.32,49.68,47.68,normal
cao,pequeno,adulto,27.37,50.9,18.44,atencao
gato,unico,adulto,26.18,54.23,93.09,normal
cao,grande,adulto,25.43,59.03,92.08,normal
ave,unico,filhote,31.48,82.93,86.15,atencao
gato,unico,adulto,28.03,22.15,99.67,atencao
gato,unico,adulto,20.83,30.13,69.42,normal
cao,grande,adulto,24.48,70.94,91.26,atencao
ave,unico,adulto,31.28,57.87,75.73,normal
gato,unico,adulto,32.97,30.76,55.53,normal
ave,unico,filhote,34.23,64.13,81.91,normal
ave,unico,filhote,27.65,51.53,62.28,normal
ave,unico,idoso,35.62,50.92,53.57,normal
ave,unico,adulto,38.4,40.31,34.97,normal
cao,pequeno,adulto,30.15,63.14,2.95,critico
cao,medio,adulto,20.21,11.71,72.47,critico
cao,grande,idoso,17.48,58.62,83.69,atencao
cao,pequeno,adulto,29.88,60.64,88.44,atencao
gato,unico,adulto,28.59,33.54,9.88,atencao
gato,unico,idoso,21.97,46.86,51.17,normal
cao,medio,adulto,20.99,43.95,33.32,normal
gato,unico,filhote,30.67,65.22,23.6,normal
cao,pequeno,adulto,34.33,50.9,47.47,normal
ave,unico,idoso,26.96,57.52,87.91,normal
ave,unico,filhote,34.46,44.12,45.46,normal
ave,unico,filhote,30.84,51.41,54.85,normal
gato,unico,filhote,24.39,60.32,94.17,normal
cao,grande,idoso,26.29,63.81,52.11,normal
cao,grande,adulto,27.15,39.04,73.04,normal
ave,unico,idoso,37.7,60.58,17.11,critico
cao,grande,adulto,29.72,34.92,91.65,normal
cao,grande,adulto,27.55,76.81,86.61,atencao
gato,unico,adulto,34.22,77.89,54.37,atencao
cao,pequeno,adulto,23.52,42.13,46.75,normal
cao,medio,adulto,28.45,34.8,93.76,normal
gato,unico,filhote,29.63,46.65,30.71,normal
cao,medio,adulto,33.23,62.95,79.13,normal
ave,unico,adulto,28.8,54.09,41.68,normal
ave,unico,adulto,27.65,67.41,81.48,normal
cao,grande,filhote,28.69,63.45,70.58,normal
cao,pequeno,filhote,27.08,44.57,95.8,normal
cao,medio,filhote,22.18,64.65,26.35,atencao
gato,unico,adulto,21.82,14.21,8.13,critico
gato,unico,adulto,31.05,65.67,2.17,critico
gato,unico,adulto,32.74,45.09,96.95,normal
cao,pequeno,filhote,22.26,56.36,64.27,normal
cao,grande,adulto,14.65,63.77,75.69,critico
gato,unico,idoso,17.51,57.24,72.53,atencao
gato,unico,adulto,33.52,60.44,14.51,atencao
cao,grande,filhote,30.08,43.13,36.85,normal
cao,medio,adulto,31.73,55.77,28.61,normal
cao,medio,adulto,25.4,68.27,62.53,normal
gato,unico,idoso,26.2,48.56,34.85,normal
gato,unico,adulto,25.16,44.79,19.45,normal
gato,unico,adulto,30.75,46.66,84.89,normal
ave,unico,adulto,36.9,47.42,77.73,normal
cao,grande,idoso,27.15,62.93,44.64,normal
ave,unico,adulto,34.49,61.27,54.19,normal
cao,medio,adulto,22.05,56.07,80.39,normal
ave,unico,filhote,40.44,44.18,81.31,atencao
gato,unico,filhote,26.62,52.69,24.68,normal
gato,unico,adulto,20.6,56.67,84.98,normal
cao,medio,adulto,31.73,51.75,32.49,normal
gato,unico,adulto,29.63,39.68,92.44,normal
cao,grande,adulto,32.57,58.38,96.16,normal
cao,medio,adulto,20.47,59.45,49.77,normal
cao,grande,adulto,33.59,40.67,79.36,normal
ave,unico,adulto,37.29,41.46,60.85,normal
ave,unico,adulto,35.67,55.92,52.37,normal
cao,grande,filhote,23.93,79.44,38.27,atencao
ave,unico,adulto,20.38,53.39,58.9,atencao
cao,grande,filhote,18.0,33.6,50.12,atencao
cao,pequeno,adulto,31.6,50.72,51.11,normal
gato,unico,adulto,25.2,30.05,40.48,normal
gato,unico,filhote,34.35,62.89,73.28,atencao
ave,unico,adulto,41.7,67.41,85.72,atencao
gato,unico,adulto,26.41,72.28,13.99,atencao
cao,medio,adulto,30.65,67.5,70.25,normal
cao,pequeno,filhote,27.16,35.03,76.82,normal
cao,medio,adulto,28.73,69.61,42.94,normal
cao,grande,idoso,27.89,55.13,74.91,normal
ave,unico,idoso,32.73,65.74,15.58,atencao
cao,pequeno,adulto,30.88,54.79,92.21,normal
cao,pequeno,idoso,31.93,43.71,48.91,normal
cao,medio,adulto,34.72,51.09,92.98,normal
gato,unico,filhote,23.0,54.86,84.34,normal
gato,unico,adulto,33.26,43.49,76.62,normal
gato,unico,filhote,27.46,35.06,74.47,normal
gato,unico,adulto,29.66,85.04,68.63,critico
gato,unico,adulto,26.27,35.37,96.42,normal
cao,grande,filhote,27.88,41.22,64.75,normal
cao,grande,idoso,20.96,54.11,94.96,atencao
cao,medio,adulto,40.3,51.86,57.46,critico
ave,unico,filhote,26.57,47.56,17.98,critico
cao,pequeno,idoso,23.79,34.7,88.96,normal
cao,medio,filhote,33.64,26.97,57.07,atencao
gato,unico,adulto,29.23,34.36,69.11,normal
cao,pequeno,adulto,37.98,58.47,98.59,atencao
gato,unico,filhote,27.83,41.82,53.63,normal
cao,grande,filhote,12.76,40.27,30.33,critico
ave,unico,adulto,25.2,69.03,82.59,normal
cao,pequeno,idoso,25.65,56.74,57.31,normal
ave,unico,adulto,38.34,73.85,60.53,normal
gato,unico,filhote,31.22,59.29,43.18,normal
cao,grande,adulto,23.48,25.0,1.63,critico
gato,unico,adulto,27.91,60.87,57.41,normal
cao,medio,adulto,20.18,30.36,51.78,normal
ave,unico,idoso,37.07,49.43,78.49,normal
gato,unico,idoso,23.69,43.94,87.49,normal
ave,unico,adulto,35.2,43.34,26.43,atencao
cao,pequeno,idoso,21.5,49.35,76.17,normal
gato,unico,filhote,22.46,42.82,50.41,normal
cao,pequeno,adulto,33.79,12.47,17.69,critico
cao,pequeno,adulto,27.22,55.42,31.8,normal
cao,grande,adulto,20.49,32.31,58.33,normal
cao,medio,filhote,24.64,54.15,99.47,normal
gato,unico,adulto,25.41,52.95,50.33,normal
ave,unico,filhote,36.13,69.47,92.79,normal
gato,unico,filhote,32.65,26.7,35.83,atencao
cao,grande,adulto,20.58,31.44,38.14,normal
cao,medio,adulto,33.0,41.3,24.26,atencao
cao,grande,filhote,19.93,52.15,59.59,atencao
cao,pequeno,adulto,24.9,63.59,35.79,normal
cao,grande,adulto,26.45,66.15,88.44,normal
cao,medio,filhote,26.24,58.95,87.52,normal
cao,grande,adulto,33.33,51.78,40.33,normal
cao,pequeno,adulto,23.83,41.83,69.54,normal
gato,unico,adulto,20.46,55.44,45.97,normal
gato,unico,filhote,24.56,62.9,55.53,normal
ave,unico,adulto,26.33,68.94,38.1,normal
gato,unico,filhote,29.7,30.08,71.56,atencao
cao,pequeno,idoso,19.07,48.75,32.62,atencao
ave,unico,idoso,29.5,70.32,64.22,normal
cao,grande,adulto,13.83,23.86,29.6,critico
cao,pequeno,filhote,25.74,32.66,45.37,atencao
cao,medio,adulto,24.56,21.56,91.21,atencao
ave,unico,adulto,25.73,46.69,55.16,normal
gato,unico,adulto,30.24,55.63,2.08,critico
cao,pequeno,filhote,30.8,53.73,92.66,normal
gato,unico,adulto,31.45,40.11,38.07,atencao
cao,medio,adulto,21.88,43.48,99.97,normal
cao,grande,filhote,26.3,83.52,57.17,critico
gato,unico,adulto,28.27,56.44,21.67,normal
gato,unico,adulto,18.77,30.83,37.87,atencao
cao,grande,idoso,27.72,42.14,73.77,normal
gato,unico,adulto,26.75,44.47,95.68,normal
gato,unico,idoso,28.57,37.42,3.29,critico
cao,medio,idoso,31.08,57.09,41.56,normal
ave,unico,idoso,37.62,55.98,50.53,normal
cao,grande,idoso,23.42,36.34,86.13,normal
cao,medio,adulto,21.83,35.01,88.79,normal
gato,unico,filhote,25.15,34.05,21.92,normal
cao,pequeno,adulto,22.13,75.03,98.39,atencao
gato,unico,adulto,31.99,58.05,76.8,normal
cao,pequeno,adulto,28.43,67.88,62.22,normal
gato,unico,adulto,25.33,36.52,81.83,normal
cao,grande,adulto,31.02,45.37,26.89,normal
cao,medio,idoso,31.82,33.39,79.08,normal
gato,unico,filhote,39.72,23.25,75.7,critico
ave,unico,adulto,36.44,59.13,97.86,normal
cao,pequeno,adulto,17.15,42.35,17.23,atencao
cao,medio,filhote,22.64,77.2,21.52,atencao
cao,medio,idoso,26.18,37.48,90.49,normal
gato,unico,adulto,22.2,42.39,39.65,normal
gato,unico,filhote,31.42,55.87,83.26,normal
cao,pequeno,adulto,16.56,67.41,88.8,atencao
gato,unico,filhote,20.65,33.41,73.15,atencao
gato,unico,filhote,21.67,51.66,41.33,normal
ave,unico,filhote,29.7,53.13,77.72,normal
ave,unico,idoso,30.03,64.42,64.97,normal
cao,grande,adulto,21.03,61.35,46.43,normal
ave,unico,adulto,31.06,63.99,56.61,normal
cao,pequeno,adulto,20.85,20.72,98.65,atencao
gato,unico,adulto,30.99,59.34,24.88,normal
cao,pequeno,filhote,31.08,59.7,71.84,normal
gato,unico,adulto,33.87,43.01,95.01,normal
ave,unico,adulto,24.9,42.36,68.72,atencao
cao,grande,idoso,23.41,66.0,37.41,normal
cao,medio,adulto,36.67,37.59,68.66,atencao
gato,unico,adulto,16.73,45.9,37.46,atencao
gato,unico,adulto,22.87,49.32,37.83,normal
cao,pequeno,adulto,24.31,56.27,97.64,normal
cao,pequeno,idoso,28.82,35.62,13.1,atencao
cao,grande,adulto,34.27,41.89,31.91,normal
cao,medio,adulto,28.99,71.38,66.5,atencao
gato,unico,idoso,28.69,79.3,38.31,atencao
gato,unico,adulto,29.46,58.27,3.05,critico
gato,unico,adulto,24.38,40.84,65.8,normal
gato,unico,adulto,32.13,67.87,0.53,critico
gato,unico,adulto,22.17,67.79,77.61,normal
gato,unico,filhote,31.56,39.89,66.04,normal
cao,grande,adulto,30.52,57.2,55.61,normal
cao,grande,idoso,21.32,52.82,47.28,normal
gato,unico,adulto,26.3,68.3,48.92,normal
cao,medio,adulto,32.6,37.54,75.43,normal
cao,pequeno,adulto,34.66,34.08,25.62,normal
cao,grande,adulto,35.98,65.6,31.32,atencao
gato,unico,filhote,30.66,62.28,84.95,normal
cao,pequeno,adulto,27.69,47.54,99.72,normal
gato,unico,filhote,23.78,51.59,13.77,atencao
cao,medio,adulto,30.51,38.16,74.05,normal
ave,unico,adulto,24.39,65.86,35.89,atencao
gato,unico,idoso,24.01,40.29,39.95,normal
ave,unico,adulto,28.47,42.19,64.83,normal
cao,medio,filhote,17.79,53.3,71.4,atencao
cao,medio,adulto,25.58,43.32,23.27,atencao
ave,unico,idoso,30.61,57.31,57.84,normal
gato,unico,adulto,31.01,45.9,58.66,normal
cao,medio,adulto,18.69,50.86,30.13,atencao
cao,medio,filhote,25.86,64.31,7.61,critico
gato,unico,filhote,27.46,42.14,47.99,normal
gato,unico,adulto,32.53,56.66,12.87,atencao
ave,unico,adulto,22.06,70.58,29.57,atencao
gato,unico,idoso,30.97,49.98,61.71,normal
gato,unico,idoso,22.77,59.66,10.82,atencao
ave,unico,idoso,32.0,65.98,76.4,normal
gato,unico,filhote,23.44,53.07,51.22,atencao
cao,pequeno,filhote,18.96,80.8,49.25,critico
cao,grande,adulto,30.69,30.46,55.66,normal
ave,unico,adulto,37.94,43.92,68.57,normal
gato,unico,adulto,10.93,13.73,12.21,critico
gato,unico,idoso,30.89,48.17,84.01,normal
ave,unico,idoso,26.14,70.13,67.25,normal
cao,grande,adulto,28.3,40.2,80.69,normal
cao,medio,adulto,21.15,64.91,87.11,normal
gato,unico,adulto,23.02,62.37,12.86,atencao
gato,unico,filhote,28.57,45.7,40.01,normal
cao,grande,adulto,23.48,42.74,92.77,normal
gato,unico,filhote,21.97,61.18,46.38,normal
cao,medio,adulto,27.82,61.78,91.33,normal
gato,unico,adulto,24.83,48.47,50.23,normal
cao,grande,adulto,20.2,41.84,59.44,normal
ave,unico,idoso,30.94,64.1,63.81,normal
ave,unico,idoso,31.87,55.41,84.74,normal
gato,unico,adulto,32.08,51.28,82.1,normal
cao,grande,adulto,24.45,51.65,50.89,normal
gato,unico,filhote,25.98,57.9,90.25,normal
cao,medio,filhote,22.67,54.58,70.5,normal
cao,medio,adulto,36.56,54.31,43.4,atencao
cao,grande,adulto,20.87,74.01,50.18,atencao
gato,unico,adulto,30.49,52.88,14.86,atencao
cao,medio,idoso,26.41,58.63,90.93,normal
cao,grande,adulto,30.18,80.53,37.88,atencao
cao,grande,filhote,27.5,47.01,90.86,normal
cao,medio,adulto,29.47,51.3,11.73,atencao
gato,unico,filhote,28.26,36.98,9.85,atencao
ave,unico,idoso,40.45,57.87,14.67,critico
cao,medio,adulto,31.47,57.16,82.97,normal
cao,grande,adulto,34.27,61.06,70.85,normal
ave,unico,filhote,36.25,62.65,65.18,normal
gato,unico,adulto,32.4,38.88,75.74,normal
cao,grande,adulto,33.22,59.25,77.3,normal
cao,grande,filhote,30.72,48.81,91.12,normal
gato,unico,adulto,22.85,35.1,39.27,normal
gato,unico,idoso,27.38,50.36,4.83,critico
cao,pequeno,filhote,26.28,49.47,30.36,normal
cao,grande,adulto,26.15,55.91,10.23,atencao
gato,unico,filhote,24.39,40.07,21.1,normal
cao,grande,adulto,36.17,51.67,97.6,atencao
cao,grande,adulto,21.0,55.93,30.56,normal
ave,unico,adulto,40.54,74.62,50.05,atencao
cao,medio,adulto,34.14,31.71,58.48,normal
gato,unico,idoso,21.88,81.61,23.31,critico
ave,unico,idoso,30.45,34.59,43.84,atencao
cao,pequeno,adulto,25.25,67.17,3.79,critico
ave,unico,idoso,35.94,67.68,63.13,normal
cao,pequeno,adulto,29.48,33.81,1.04,critico
cao,medio,adulto,20.73,53.24,56.96,normal
cao,medio,filhote,28.11,50.72,54.13,normal
ave,unico,adulto,34.48,66.55,35.95,normal
cao,pequeno,idoso,23.77,57.25,56.7,normal
ave,unico,filhote,33.93,52.95,64.16,normal
gato,unico,adulto,22.22,40.33,66.46,normal
cao,medio,adulto,26.5,60.97,88.94,normal
cao,pequeno,adulto,28.12,60.33,48.02,normal
gato,unico,idoso,25.99,57.23,49.45,normal
cao,pequeno,adulto,28.83,37.41,69.98,normal
ave,unico,idoso,36.3,68.47,83.78,normal
cao,medio,adulto,10.94,33.08,77.21,critico
cao,medio,filhote,26.01,60.94,75.97,normal
gato,unico,adulto,31.15,40.88,73.85,normal
gato,unico,filhote,24.19,64.93,70.05,normal
cao,grande,adulto,12.64,63.04,59.73,critico
cao,grande,filhote,24.68,55.26,87.56,normal
gato,unico,adulto,20.88,61.07,84.84,normal
gato,unico,adulto,26.46,69.33,81.87,normal
gato,unico,filhote,30.26,58.43,30.05,normal
cao,grande,adulto,23.26,48.56,13.96,atencao
cao,medio,adulto,26.23,86.22,66.8,critico
cao,medio,idoso,21.62,55.67,52.21,normal
cao,medio,adulto,33.47,22.71,80.22,atencao
gato,unico,adulto,26.11,56.67,23.02,normal
cao,medio,filhote,30.66,60.63,79.31,normal
cao,grande,adulto,34.51,63.07,92.73,normal
cao,grande,filhote,33.03,60.25,77.01,atencao
ave,unico,filhote,26.12,32.95,43.55,atencao
cao,medio,adulto,26.17,35.2,26.68,normal
cao,pequeno,adulto,25.41,61.35,67.46,normal
cao,medio,adulto,24.69,56.17,42.4,normal
cao,grande,adulto,20.22,60.57,71.78,normal
gato,unico,adulto,30.67,31.56,86.16,normal
cao,pequeno,filhote,29.02,52.16,8.01,critico
ave,unico,adulto,37.1,60.54,72.76,normal
gato,unico,filhote,32.84,58.73,54.07,normal
cao,medio,filhote,30.14,46.23,45.57,normal
ave,unico,filhote,33.15,70.24,95.83,normal
cao,medio,filhote,25.48,28.32,62.54,atencao
cao,pequeno,adulto,26.65,49.77,89.58,normal
gato,unico,adulto,26.46,87.97,19.53,critico
gato,unico,idoso,26.46,55.94,13.85,atencao
ave,unico,adulto,39.33,72.38,76.06,atencao
gato,unico,adulto,20.76,55.77,97.81,normal
ave,unico,adulto,25.98,59.41,83.61,normal
ave,unico,filhote,35.69,54.94,53.19,normal
gato,unico,adulto,20.59,53.19,53.5,normal
cao,medio,adulto,35.51,30.77,83.43,atencao
cao,pequeno,adulto,29.15,57.99,87.86,normal
cao,medio,adulto,32.04,68.44,65.2,normal
ave,unico,idoso,31.86,54.58,26.24,atencao
gato,unico,adulto,28.02,41.08,93.31,normal
gato,unico,adulto,28.16,71.42,65.5,atencao
gato,unico,adulto,29.84,32.66,34.62,normal
cao,grande,idoso,32.8,53.95,46.8,normal
gato,unico,idoso,29.27,53.29,58.95,normal
cao,grande,adulto,19.43,37.87,80.31,normal
ave,unico,adulto,41.65,44.38,48.04,atencao
cao,grande,filhote,23.88,56.5,71.98,atencao
cao,medio,filhote,29.02,31.05,33.82,normal
gato,unico,idoso,25.04,35.28,97.97,normal
cao,pequeno,adulto,13.35,65.68,47.95,critico
cao,pequeno,adulto,28.28,61.58,56.22,normal
cao,grande,adulto,22.52,22.04,45.14,atencao
gato,unico,adulto,21.41,36.7,27.52,normal
cao,grande,adulto,34.6,60.37,97.58,normal
ave,unico,adulto,31.16,49.74,86.89,normal
gato,unico,adulto,24.57,86.1,16.74,critico
cao,pequeno,filhote,31.66,45.43,54.38,normal
cao,grande,adulto,24.54,69.01,37.76,normal
gato,unico,adulto,32.58,61.07,21.5,normal
gato,unico,adulto,33.81,40.85,23.38,normal
gato,unico,idoso,30.92,18.07,15.34,critico
gato,unico,filhote,22.68,52.74,59.28,normal
cao,grande,adulto,22.16,54.96,45.52,normal
ave,unico,idoso,31.86,45.07,18.13,critico
cao,medio,adulto,24.6,25.73,46.14,atencao
cao,pequeno,adulto,25.46,37.63,51.03,normal
gato,unico,idoso,27.56,76.91,16.03,atencao
cao,grande,adulto,24.71,16.9,67.19,atencao
gato,unico,filhote,30.16,64.97,18.95,normal
cao,grande,idoso,27.79,49.01,75.72,normal
ave,unico,adulto,32.83,64.05,77.78,normal
cao,pequeno,idoso,22.62,60.19,38.11,normal
cao,pequeno,adulto,30.48,26.44,34.45,atencao
ave,unico,adulto,27.75,73.3,46.41,normal
gato,unico,adulto,27.95,53.17,9.9,atencao
cao,pequeno,filhote,29.35,79.37,95.22,atencao
cao,medio,adulto,18.31,35.65,67.82,critico
gato,unico,adulto,22.59,41.15,33.59,normal
gato,unico,adulto,22.56,63.03,39.29,normal
cao,medio,adulto,33.91,68.8,5.71,critico
gato,unico,filhote,22.75,70.22,94.97,atencao
ave,unico,adulto,37.52,51.81,82.42,normal
ave,unico,idoso,32.87,52.67,99.32,normal
cao,pequeno,filhote,21.45,41.59,66.12,normal
cao,pequeno,idoso,27.78,53.02,82.47,normal
cao,pequeno,adulto,29.35,54.01,29.01,normal
ave,unico,adulto,30.27,48.12,52.25,normal
cao,medio,adulto,16.76,33.75,61.46,atencao
cao,medio,adulto,33.81,31.6,46.86,normal
gato,unico,adulto,22.91,39.53,92.22,normal
cao,grande,idoso,27.09,48.85,83.1,normal
cao,medio,filhote,39.5,58.85,20.82,critico
gato,unico,adulto,29.86,67.41,46.94,normal
ave,unico,adulto,34.91,56.65,78.84,normal
ave,unico,adulto,35.68,41.59,77.03,normal
cao,pequeno,idoso,24.02,55.78,62.47,normal
gato,unico,filhote,30.26,37.2,69.23,normal
gato,unico,idoso,24.36,62.0,94.1,normal
cao,grande,idoso,33.83,60.06,82.62,normal
cao,grande,idoso,23.87,44.42,62.28,normal
cao,medio,adulto,31.6,66.6,12.84,atencao
cao,grande,adulto,33.84,57.82,70.81,normal
cao,medio,filhote,23.67,34.89,69.54,normal
ave,unico,adulto,34.12,28.55,79.03,critico
cao,medio,adulto,28.49,67.17,54.05,normal
cao,medio,adulto,20.99,30.77,87.01,normal
gato,unico,filhote,27.29,59.36,1.38,critico
gato,unico,adulto,24.83,31.2,96.73,normal
cao,medio,filhote,29.64,64.73,48.15,atencao
cao,medio,adulto,29.17,17.88,47.17,atencao
gato,unico,idoso,28.42,53.39,59.34,normal
gato,unico,idoso,25.22,64.04,45.63,normal
gato,unico,idoso,26.47,56.06,62.37,normal
gato,unico,idoso,25.18,47.81,83.07,normal
cao,medio,adulto,24.17,35.69,48.49,normal
gato,unico,adulto,31.89,33.56,99.29,normal
ave,unico,adulto,32.57,74.47,96.03,normal
gato,unico,adulto,26.34,37.94,29.02,normal
cao,pequeno,adulto,23.6,58.41,45.47,normal
gato,unico,idoso,25.11,48.26,92.85,normal
cao,grande,filhote,23.54,33.17,33.65,normal
cao,pequeno,idoso,32.66,55.02,48.69,normal
gato,unico,adulto,22.48,41.77,24.76,normal
gato,unico,adulto,33.18,15.1,33.06,atencao
cao,pequeno,filhote,29.58,46.98,57.82,normal
ave,unico,adulto,37.38,71.34,94.1,normal
cao,medio,adulto,11.49,86.36,39.3,critico
gato,unico,adulto,22.58,43.68,51.55,normal
cao,medio,filhote,31.72,37.08,81.29,normal
gato,unico,adulto,27.44,41.52,56.89,normal
gato,unico,adulto,24.2,53.84,51.88,normal
gato,unico,filhote,23.01,36.96,62.67,normal
cao,medio,adulto,15.23,81.0,19.88,atencao
cao,grande,adulto,33.97,62.84,67.5,normal
cao,pequeno,adulto,29.86,21.16,67.04,atencao
gato,unico,idoso,32.27,35.81,38.56,normal
gato,unico,idoso,30.33,74.35,11.34,atencao
cao,pequeno,adulto,21.78,69.22,41.1,normal
ave,unico,adulto,25.94,60.82,83.03,normal
gato,unico,adulto,20.45,56.35,60.24,normal
cao,pequeno,idoso,40.79,59.84,82.22,atencao
gato,unico,adulto,27.86,39.85,51.0,normal
cao,grande,adulto,31.9,31.27,83.65,normal
cao,medio,adulto,23.6,35.77,11.74,atencao
gato,unico,idoso,21.37,50.8,35.62,normal
gato,unico,adulto,33.85,52.98,26.72,normal
cao,medio,adulto,30.33,65.91,80.89,normal
cao,pequeno,adulto,21.15,65.84,84.54,normal
ave,unico,adulto,27.22,41.81,71.23,normal
gato,unico,adulto,10.42,48.67,55.98,critico
cao,grande,adulto,32.61,38.85,53.57,normal
cao,pequeno,adulto,17.88,60.48,83.61,atencao
gato,unico,adulto,23.86,83.99,25.08,atencao
ave,unico,adulto,38.07,63.94,69.55,normal
cao,grande,filhote,36.26,43.6,47.04,atencao
gato,unico,adulto,13.28,68.85,62.79,critico
cao,medio,adulto,30.72,32.74,4.18,atencao
cao,pequeno,adulto,21.75,54.51,95.39,normal
cao,pequeno,adulto,29.93,33.07,51.6,normal
cao,pequeno,adulto,28.26,46.13,8.34,critico
cao,pequeno,adulto,32.22,54.47,3.73,critico
gato,unico,adulto,14.81,47.76,78.75,critico
cao,pequeno,adulto,27.97,51.51,14.17,atencao
cao,pequeno,filhote,23.89,42.79,68.68,normal
gato,unico,idoso,21.4,63.85,30.52,normal
cao,medio,adulto,23.3,83.19,66.78,atencao
ave,unico,filhote,28.8,57.57,20.84,critico
cao,grande,adulto,16.57,63.46,28.77,atencao
cao,grande,adulto,26.97,45.18,48.74,normal
cao,grande,adulto,24.29,33.65,48.61,normal
cao,pequeno,adulto,20.65,61.24,54.87,normal
gato,unico,adulto,26.21,72.2,85.8,atencao
gato,unico,adulto,27.56,73.56,24.15,normal
cao,grande,adulto,19.58,40.05,88.32,atencao
cao,pequeno,idoso,27.3,50.48,51.19,normal
gato,unico,adulto,28.02,43.01,18.34,normal
gato,unico,filhote,24.29,33.22,98.22,normal
gato,unico,adulto,33.52,45.81,76.91,normal
cao,medio,adulto,25.19,56.84,85.41,normal
ave,unico,adulto,39.4,53.38,29.29,atencao
cao,grande,filhote,26.92,59.53,99.83,normal
ave,unico,adulto,27.68,56.09,63.01,normal
cao,pequeno,adulto,24.57,17.72,71.71,atencao
cao,grande,filhote,23.96,43.45,7.23,critico
cao,medio,adulto,26.26,36.41,37.82,normal
cao,medio,filhote,26.46,58.75,92.8,normal
gato,unico,adulto,21.18,86.7,83.42,critico
gato,unico,adulto,20.73,36.38,8.36,atencao
gato,unico,adulto,21.08,39.4,85.56,normal
gato,unico,adulto,33.28,42.18,37.48,normal
cao,grande,adulto,24.2,41.11,27.69,normal
cao,grande,adulto,33.9,38.55,56.5,atencao
cao,grande,filhote,21.25,62.17,81.02,normal
cao,medio,adulto,34.2,61.26,48.53,normal
ave,unico,adulto,28.47,64.42,58.67,normal
ave,unico,idoso,32.79,42.81,44.82,normal
gato,unico,adulto,27.5,19.07,91.86,atencao
cao,medio,idoso,25.9,51.7,32.98,normal
gato,unico,filhote,26.12,61.3,83.99,normal
gato,unico,idoso,23.72,40.69,84.95,normal
cao,grande,adulto,15.45,37.73,28.79,atencao
gato,unico,adulto,28.77,41.49,38.78,normal
ave,unico,idoso,30.0,62.34,38.89,critico
cao,pequeno,adulto,31.39,20.02,15.92,atencao
gato,unico,filhote,34.36,40.35,34.82,atencao
gato,unico,idoso,24.58,63.97,62.73,normal
gato,unico,filhote,29.78,44.78,51.22,normal
cao,pequeno,adulto,21.88,36.85,22.41,atencao
gato,unico,adulto,28.19,25.46,31.44,atencao
gato,unico,adulto,41.88,43.79,43.67,critico
cao,pequeno,adulto,24.68,34.88,33.34,normal
ave,unico,adulto,34.07,70.63,86.38,normal
cao,pequeno,idoso,22.92,51.55,36.87,normal
gato,unico,adulto,20.63,56.26,60.49,normal
ave,unico,adulto,26.15,41.22,99.33,normal
cao,medio,adulto,20.45,47.78,62.85,normal
cao,grande,filhote,22.62,77.12,75.96,atencao
cao,grande,idoso,28.49,62.45,49.84,normal
cao,grande,idoso,27.09,54.06,58.44,normal
ave,unico,filhote,31.14,52.45,74.37,atencao
cao,medio,filhote,31.97,39.85,95.37,normal
gato,unico,idoso,29.25,21.9,0.59,critico
gato,unico,adulto,28.44,50.94,36.55,atencao
gato,unico,filhote,26.65,49.74,1.15,critico
gato,unico,adulto,29.13,61.24,82.27,normal
ave,unico,adulto,33.43,57.91,20.92,atencao
cao,medio,adulto,24.32,33.73,9.64,critico
cao,grande,adulto,22.03,36.07,8.9,critico
cao,grande,filhote,33.16,59.04,29.79,normal
ave,unico,idoso,39.04,50.83,86.39,atencao
cao,grande,adulto,23.39,57.69,42.5,normal
cao,pequeno,adulto,18.31,56.09,43.83,atencao
gato,unico,idoso,28.79,40.22,27.69,normal
cao,medio,idoso,30.07,18.92,53.5,critico
gato,unico,adulto,26.7,67.15,43.22,normal
gato,unico,adulto,26.51,30.55,21.94,normal
ave,unico,adulto,28.62,92.41,85.53,critico
cao,medio,adulto,30.09,58.97,61.94,normal
ave,unico,idoso,39.64,71.34,44.14,atencao
cao,pequeno,adulto,33.36,53.08,67.29,normal
cao,pequeno,adulto,36.09,51.87,87.99,atencao
gato,unico,adulto,21.78,62.01,88.36,normal
gato,unico,adulto,22.11,64.06,99.27,normal
cao,grande,filhote,30.39,59.68,99.61,normal
cao,medio,adulto,29.08,42.32,22.56,atencao
cao,medio,adulto,29.22,74.44,25.08,atencao
ave,unico,filhote,22.15,70.12,60.34,atencao
gato,unico,idoso,22.57,48.04,21.14,normal
cao,pequeno,filhote,29.85,28.73,68.7,atencao
gato,unico,idoso,25.13,37.58,25.42,normal
ave,unico,idoso,35.95,69.95,79.4,normal
ave,unico,filhote,27.28,54.59,36.39,atencao
gato,unico,idoso,30.33,37.02,5.88,atencao
ave,unico,filhote,34.52,53.23,56.15,normal
ave,unico,filhote,26.2,40.27,93.79,atencao
ave,unico,adulto,36.53,71.46,70.95,normal
ave,unico,idoso,35.72,54.05,80.37,normal
cao,grande,adulto,11.94,39.61,32.12,critico
ave,unico,idoso,29.8,45.5,26.65,atencao
ave,unico,adulto,24.88,54.17,40.7,atencao
ave,unico,adulto,25.92,71.2,65.15,atencao
cao,medio,adulto,24.8,49.06,48.87,normal
ave,unico,idoso,31.87,68.2,76.02,normal
ave,unico,adulto,34.73,52.76,83.0,normal
ave,unico,adulto,34.33,44.18,72.22,normal
gato,unico,adulto,23.59,62.16,51.2,normal
cao,grande,adulto,34.92,33.7,83.53,normal
cao,pequeno,adulto,30.11,60.7,14.61,atencao
cao,grande,idoso,27.4,19.5,43.26,critico
gato,unico,adulto,39.76,50.94,38.99,critico
ave,unico,adulto,29.17,49.72,85.15,normal
ave,unico,idoso,33.81,85.65,75.62,critico
ave,unico,filhote,32.53,49.58,34.78,atencao
cao,pequeno,adulto,32.3,31.66,62.36,normal
cao,pequeno,adulto,36.2,53.94,73.97,atencao
cao,grande,adulto,22.31,69.08,65.86,normal
cao,medio,adulto,22.04,65.75,30.6,normal
cao,pequeno,adulto,33.62,69.86,77.53,normal
gato,unico,adulto,30.79,43.49,95.03,normal
ave,unico,adulto,32.42,65.63,95.07,normal
cao,grande,adulto,34.63,63.33,47.73,normal
cao,pequeno,adulto,34.5,55.12,94.8,normal
gato,unico,idoso,14.07,47.02,94.62,critico
gato,unico,adulto,23.51,34.82,10.85,atencao
ave,unico,idoso,37.58,53.87,44.83,normal
cao,grande,adulto,25.09,50.24,37.14,normal
gato,unico,filhote,28.88,21.61,7.23,atencao
gato,unico,filhote,33.97,36.91,90.39,atencao
cao,pequeno,adulto,26.22,79.21,71.23,atencao
cao,pequeno,adulto,26.86,70.92,86.03,atencao
ave,unico,adulto,38.17,62.71,97.05,normal
cao,grande,adulto,22.27,73.94,64.39,atencao
cao,grande,adulto,36.2,43.52,34.51,atencao
cao,medio,adulto,18.38,31.52,71.5,atencao
cao,grande,adulto,30.47,38.6,28.15,normal
gato,unico,adulto,25.09,33.94,0.58,critico
cao,medio,adulto,23.81,87.7,30.95,critico
ave,unico,filhote,19.76,47.04,51.3,critico
gato,unico,adulto,32.3,52.33,88.94,normal
cao,pequeno,idoso,25.86,53.89,66.38,normal
cao,pequeno,adulto,24.79,48.8,62.69,normal
ave,unico,adulto,27.81,51.03,86.44,normal
cao,grande,adulto,33.74,44.39,14.6,atencao
cao,pequeno,adulto,22.93,57.14,49.23,normal
gato,unico,adulto,33.83,43.03,48.5,normal
gato,unico,filhote,28.23,60.26,11.41,atencao
ave,unico,adulto,30.92,74.85,35.68,normal
cao,pequeno,adulto,33.43,35.97,83.94,normal
ave,unico,filhote,33.4,52.79,92.58,normal
gato,unico,filhote,21.2,40.71,3.33,critico
ave,unico,adulto,17.2,62.54,59.76,critico
ave,unico,adulto,25.76,60.98,93.66,normal
ave,unico,idoso,30.61,49.06,17.96,critico
ave,unico,adulto,25.68,68.72,88.71,normal
ave,unico,filhote,33.05,53.13,88.22,normal
gato,unico,adulto,27.77,63.04,68.67,normal
cao,pequeno,adulto,31.77,53.94,56.06,normal
cao,pequeno,adulto,34.37,51.64,19.08,atencao
cao,medio,adulto,23.31,55.03,18.57,atencao
cao,medio,idoso,23.48,35.03,72.07,normal
ave,unico,filhote,35.14,58.2,54.52,normal
cao,grande,idoso,29.62,28.22,30.28,atencao
gato,unico,filhote,22.75,58.24,37.75,normal
ave,unico,idoso,22.02,54.46,71.28,atencao
ave,unico,idoso,31.8,86.48,26.96,critico
ave,unico,adulto,31.64,25.93,21.07,atencao
cao,medio,idoso,28.44,52.24,91.39,normal
cao,grande,idoso,28.24,21.7,94.18,atencao
gato,unico,adulto,30.89,62.89,91.73,normal
ave,unico,adulto,32.35,55.79,56.48,normal
cao,pequeno,adulto,28.84,48.17,58.87,normal
cao,pequeno,idoso,33.07,66.46,85.63,normal
gato,unico,idoso,30.06,56.14,31.32,normal
cao,medio,filhote,21.88,56.48,24.63,atencao
ave,unico,filhote,26.61,70.23,46.54,normal
ave,unico,adulto,29.0,63.53,46.04,normal
cao,grande,adulto,36.93,46.43,17.34,atencao
gato,unico,adulto,25.82,30.96,43.51,normal
cao,medio,adulto,22.66,33.94,9.57,critico
cao,pequeno,filhote,28.77,57.77,51.67,normal
cao,pequeno,idoso,26.14,41.06,13.48,atencao
ave,unico,adulto,27.51,67.91,79.04,atencao
ave,unico,idoso,32.56,56.76,95.44,normal
cao,pequeno,filhote,14.06,54.34,75.11,critico
cao,medio,adulto,32.66,11.2,90.57,critico
gato,unico,adulto,31.63,38.99,48.94,normal
gato,unico,adulto,25.74,69.13,6.81,atencao
gato,unico,filhote,36.47,60.56,40.1,atencao
gato,unico,adulto,30.24,44.88,59.36,normal
ave,unico,adulto,25.95,46.34,97.22,normal
gato,unico,idoso,31.64,55.18,11.29,atencao
cao,pequeno,adulto,36.21,50.78,99.74,atencao
cao,grande,adulto,22.03,57.02,54.7,normal
cao,grande,idoso,22.82,38.4,96.42,normal
ave,unico,adulto,17.17,44.46,61.59,critico
cao,grande,adulto,25.32,42.11,79.82,normal
gato,unico,adulto,12.09,44.31,65.47,critico
ave,unico,adulto,33.06,45.65,65.66,normal
gato,unico,adulto,27.75,52.81,32.86,normal
gato,unico,adulto,19.14,40.18,55.21,normal
cao,medio,adulto,36.69,40.45,77.12,atencao
ave,unico,idoso,32.8,66.31,84.41,normal
cao,pequeno,adulto,38.65,47.62,48.8,atencao
cao,grande,adulto,33.68,32.44,20.41,atencao
cao,grande,idoso,23.46,43.85,58.74,normal
ave,unico,adulto,37.71,48.49,40.94,normal
cao,grande,idoso,25.19,36.56,38.49,normal
ave,unico,adulto,33.03,42.13,20.46,atencao
gato,unico,idoso,29.55,45.3,27.97,normal
cao,grande,filhote,16.36,39.67,12.16,critico
cao,grande,filhote,32.11,52.62,92.28,normal
cao,medio,adulto,36.88,62.34,70.87,atencao
cao,grande,adulto,24.44,40.23,49.56,normal
ave,unico,adulto,21.34,93.95,60.01,critico
gato,unico,adulto,17.78,53.52,51.25,normal
cao,pequeno,adulto,37.49,37.09,79.23,atencao
gato,unico,adulto,30.82,58.6,64.21,normal
cao,medio,adulto,20.22,44.42,70.36,normal
ave,unico,adulto,30.42,70.22,55.07,normal
cao,grande,filhote,24.87,42.04,52.9,normal
gato,unico,adulto,27.8,58.28,71.32,normal
cao,grande,idoso,31.42,63.12,87.02,normal
cao,medio,adulto,20.28,59.44,13.13,atencao
cao,grande,adulto,14.4,31.97,42.33,critico
gato,unico,adulto,32.56,40.25,7.21,atencao
cao,medio,adulto,22.07,64.36,62.5,normal
cao,grande,adulto,30.12,39.56,81.85,normal
ave,unico,adulto,35.64,50.94,61.69,normal
cao,medio,idoso,23.8,66.2,23.16,atencao
gato,unico,adulto,33.08,42.14,81.46,normal
ave,unico,adulto,35.72,27.28,56.36,atencao
cao,medio,adulto,20.82,37.3,97.39,normal
cao,pequeno,adulto,26.42,55.28,79.46,normal
cao,medio,adulto,25.5,35.89,40.49,normal
cao,pequeno,adulto,24.7,55.44,54.87,normal
gato,unico,adulto,20.1,50.94,93.33,normal
gato,unico,adulto,31.37,63.01,3.98,critico
cao,medio,adulto,24.86,60.61,1.43,critico
gato,unico,idoso,28.88,54.81,19.75,normal
cao,grande,filhote,31.17,73.2,37.11,atencao
cao,grande,adulto,35.25,82.13,90.66,atencao
gato,unico,adulto,19.63,64.85,81.73,atencao
cao,medio,filhote,24.61,64.0,36.29,normal
cao,medio,adulto,32.8,43.13,29.03,normal
cao,grande,adulto,30.04,39.25,43.27,normal
cao,grande,adulto,24.59,82.04,89.61,atencao
cao,pequeno,filhote,22.88,65.38,17.57,atencao
ave,unico,adulto,34.27,66.31,87.78,normal
cao,grande,adulto,34.19,42.52,89.39,normal
cao,medio,filhote,22.8,56.97,81.79,normal
cao,pequeno,idoso,29.77,41.58,91.04,normal
gato,unico,idoso,37.04,62.23,96.66,critico
gato,unico,adulto,23.05,33.53,0.97,critico
gato,unico,filhote,30.81,82.49,33.23,critico
cao,grande,adulto,30.81,50.44,70.32,normal
gato,unico,adulto,26.45,14.91,94.26,critico
gato,unico,idoso,32.16,30.95,72.91,atencao
cao,pequeno,adulto,30.46,44.52,23.19,normal
cao,pequeno,filhote,30.37,36.83,18.96,atencao
cao,medio,adulto,33.3,16.06,51.23,atencao
cao,pequeno,filhote,32.12,40.92,78.48,normal
cao,grande,adulto,29.44,64.54,34.92,normal
gato,unico,adulto,33.69,53.31,99.62,normal
gato,unico,adulto,32.76,38.86,19.77,normal
cao,grande,idoso,24.38,50.94,41.52,normal
cao,grande,adulto,22.51,48.5,27.5,normal
gato,unico,idoso,34.24,67.8,50.32,atencao
cao,medio,adulto,27.11,48.05,90.19,normal
gato,unico,filhote,34.01,47.35,82.3,normal
cao,grande,adulto,22.94,62.81,73.66,normal
gato,unico,filhote,26.04,48.57,8.9,atencao
cao,medio,adulto,31.28,24.91,80.98,atencao
cao,pequeno,adulto,24.67,21.53,94.05,normal
gato,unico,adulto,24.83,32.19,32.36,normal
gato,unico,adulto,19.31,34.22,62.07,atencao
cao,grande,adulto,27.69,41.26,86.67,normal
cao,pequeno,idoso,30.72,57.92,91.26,normal
cao,medio,adulto,30.84,39.27,77.92,normal
cao,medio,idoso,25.05,41.23,34.56,normal
gato,unico,adulto,30.42,58.44,34.93,normal
ave,unico,idoso,34.97,69.93,47.53,normal
gato,unico,adulto,23.26,60.01,38.33,normal
ave,unico,idoso,33.48,45.04,67.78,normal
gato,unico,idoso,29.85,56.34,15.47,atencao
cao,medio,filhote,32.31,59.29,23.62,atencao
gato,unico,filhote,21.43,51.19,20.75,normal
cao,grande,adulto,32.12,42.83,67.18,normal
cao,pequeno,filhote,24.69,59.61,91.99,normal
cao,grande,filhote,26.21,62.34,48.26,normal
cao,pequeno,adulto,28.02,64.35,49.44,normal
cao,pequeno,adulto,34.31,34.88,26.37,normal
cao,grande,filhote,32.65,35.33,99.43,normal
gato,unico,adulto,33.32,18.5,5.68,atencao
ave,unico,adulto,27.62,59.44,53.94,normal
cao,medio,adulto,16.82,47.55,98.31,atencao
gato,unico,adulto,31.31,59.5,60.65,normal
gato,unico,adulto,31.76,43.57,75.26,normal
gato,unico,adulto,33.91,42.59,72.29,normal
cao,pequeno,adulto,32.66,66.63,78.84,normal
gato,unico,filhote,24.42,44.09,19.36,normal
gato,unico,idoso,30.1,34.45,88.85,normal
ave,unico,adulto,39.23,73.44,51.05,atencao
gato,unico,idoso,31.28,38.74,87.97,normal
ave,unico,adulto,39.64,44.04,89.37,atencao
cao,pequeno,idoso,36.19,60.87,92.11,atencao
gato,unico,adulto,22.79,41.37,39.56,normal
cao,grande,filhote,25.93,46.37,67.85,normal
gato,unico,filhote,19.32,56.83,33.65,atencao
ave,unico,adulto,22.52,67.88,17.39,critico
ave,unico,adulto,34.04,45.45,28.21,normal
gato,unico,adulto,21.22,45.09,9.14,atencao
ave,unico,filhote,21.55,48.87,56.52,critico
gato,unico,adulto,33.57,59.39,74.47,normal
cao,pequeno,adulto,32.79,34.63,77.95,normal
gato,unico,adulto,36.29,34.35,14.81,atencao
cao,medio,filhote,25.99,59.36,53.59,normal
ave,unico,idoso,33.52,48.34,49.77,normal
cao,medio,idoso,33.09,64.2,92.06,normal
cao,medio,adulto,29.38,62.33,30.18,normal
gato,unico,filhote,25.03,43.67,69.99,normal
gato,unico,adulto,24.98,35.94,2.98,critico
gato,unico,filhote,30.74,45.99,28.54,normal
gato,unico,adulto,22.75,24.87,62.97,normal
cao,medio,adulto,33.99,53.46,64.46,normal
ave,unico,adulto,35.63,64.94,47.56,normal
ave,unico,adulto,31.6,56.54,59.58,normal
gato,unico,adulto,27.24,46.52,31.94,atencao
ave,unico,adulto,30.77,42.53,72.43,normal
cao,medio,adulto,15.28,20.41,31.53,atencao
cao,grande,adulto,23.03,72.21,47.35,atencao
ave,unico,adulto,21.16,69.71,60.82,atencao
cao,medio,filhote,24.26,60.62,17.81,atencao
gato,unico,adulto,21.56,52.82,64.43,normal
cao,grande,idoso,30.24,41.17,60.74,atencao
cao,medio,adulto,24.24,33.24,90.75,normal
cao,grande,filhote,30.42,43.25,71.72,normal
ave,unico,adulto,27.82,71.16,21.72,normal
cao,pequeno,idoso,21.17,50.07,70.57,normal
gato,unico,idoso,27.94,34.85,43.51,normal
ave,unico,filhote,31.99,49.07,92.51,normal
cao,grande,adulto,42.6,46.95,15.13,critico
gato,unico,idoso,32.49,48.12,57.92,normal
cao,grande,adulto,25.27,66.38,67.67,normal
cao,pequeno,adulto,17.15,42.49,79.38,atencao
gato,unico,adulto,31.15,86.82,82.48,critico
ave,unico,adulto,38.17,61.81,31.12,critico
ave,unico,filhote,35.63,67.76,64.41,normal
ave,unico,adulto,25.72,54.07,78.79,normal
cao,grande,filhote,26.87,58.46,54.61,normal
cao,medio,filhote,29.22,83.06,44.88,critico
cao,pequeno,adulto,21.69,74.38,21.23,atencao
gato,unico,idoso,26.79,40.35,97.3,normal
gato,unico,adulto,30.01,68.29,51.3,normal
gato,unico,adulto,26.65,65.92,59.63,normal
gato,unico,adulto,29.9,40.09,52.97,normal
cao,grande,adulto,21.85,38.24,25.07,normal
cao,medio,filhote,33.93,45.17,52.96,atencao
gato,unico,adulto,25.43,35.53,77.74,normal
gato,unico,adulto,32.0,79.0,77.16,atencao
gato,unico,adulto,30.78,69.02,63.75,normal
cao,grande,idoso,25.48,55.05,34.24,normal
gato,unico,adulto,32.56,34.78,8.28,atencao
gato,unico,idoso,30.76,53.31,50.06,normal
ave,unico,idoso,31.68,68.05,61.18,normal
gato,unico,filhote,20.42,35.86,46.97,atencao
gato,unico,adulto,29.53,40.96,85.35,normal
cao,grande,idoso,30.56,59.83,37.82,normal
cao,pequeno,adulto,22.11,41.46,63.86,normal
gato,unico,idoso,29.95,61.44,75.65,normal
cao,grande,adulto,33.93,59.55,47.97,normal
gato,unico,adulto,23.71,57.85,31.39,normal
cao,medio,filhote,22.31,51.1,87.41,normal
ave,unico,adulto,26.42,67.72,87.75,normal
cao,grande,adulto,12.82,72.62,78.06,critico
gato,unico,adulto,29.96,65.93,64.53,normal
gato,unico,adulto,21.74,34.86,76.3,normal
cao,pequeno,adulto,22.76,43.14,61.54,normal
cao,grande,idoso,21.44,41.46,58.2,normal
ave,unico,adulto,28.91,44.77,82.32,normal
gato,unico,idoso,15.83,39.32,6.88,critico
cao,grande,adulto,26.54,56.33,4.38,critico
gato,unico,adulto,23.87,52.33,44.5,normal
gato,unico,idoso,32.15,64.37,59.02,normal
gato,unico,idoso,24.95,58.06,20.67,normal
cao,pequeno,adulto,27.12,43.45,94.04,normal
ave,unico,adulto,25.17,59.35,83.14,normal
cao,grande,adulto,35.97,56.91,15.06,atencao
cao,medio,adulto,22.69,18.55,61.26,atencao
ave,unico,idoso,25.13,64.94,68.05,atencao
ave,unico,adulto,36.84,44.0,51.6,normal
cao,pequeno,idoso,15.72,35.11,70.13,critico
gato,unico,filhote,22.47,34.24,6.5,critico
cao,pequeno,adulto,32.51,34.72,28.39,normal
cao,grande,filhote,26.71,61.7,47.93,normal
cao,grande,adulto,26.33,31.6,58.68,normal
ave,unico,adulto,33.09,59.98,56.61,normal
gato,unico,filhote,38.59,63.08,36.7,atencao
gato,unico,filhote,20.06,65.85,97.54,atencao
gato,unico,adulto,32.11,54.03,74.57,normal
gato,unico,adulto,23.99,55.23,53.73,normal
ave,unico,adulto,31.75,66.52,53.32,normal
cao,medio,filhote,25.18,64.44,33.38,normal
cao,grande,idoso,27.32,64.04,72.5,normal
cao,pequeno,adulto,35.19,42.7,41.52,atencao
gato,unico,filhote,27.18,36.48,79.56,normal
gato,unico,adulto,32.69,59.74,60.29,normal
gato,unico,idoso,31.29,68.02,73.9,atencao
cao,grande,idoso,33.02,52.57,38.31,normal
cao,medio,adulto,41.73,62.08,37.04,critico
ave,unico,adulto,32.52,46.72,81.75,normal
gato,unico,adulto,15.66,42.39,32.15,atencao
gato,unico,adulto,32.72,60.42,72.49,normal
gato,unico,adulto,24.21,37.36,79.3,normal
gato,unico,adulto,26.64,39.03,11.17,atencao
ave,unico,adulto,25.56,51.42,27.03,atencao
cao,grande,filhote,23.01,66.48,44.17,normal
cao,pequeno,adulto,21.96,38.14,82.68,normal
gato,unico,adulto,25.96,52.62,5.21,atencao
gato,unico,adulto,20.48,75.73,40.65,atencao
cao,medio,adulto,20.56,50.21,55.23,normal
cao,medio,idoso,29.22,54.12,37.94,normal
cao,grande,adulto,37.81,60.06,95.6,atencao
cao,medio,adulto,30.15,44.54,95.36,normal
gato,unico,adulto,23.86,43.29,74.57,normal
cao,grande,filhote,30.88,84.74,31.7,critico
cao,grande,adulto,13.69,32.55,54.04,critico
gato,unico,adulto,23.96,84.32,93.07,atencao
cao,medio,idoso,21.72,79.45,56.04,atencao
cao,medio,filhote,31.35,18.45,89.45,critico
gato,unico,adulto,30.37,51.7,70.55,normal
cao,pequeno,adulto,24.11,53.72,61.69,normal
ave,unico,filhote,27.64,49.84,16.45,critico
cao,grande,idoso,32.91,40.83,49.83,atencao
gato,unico,adulto,25.17,56.55,25.05,normal
gato,unico,adulto,10.29,53.33,90.17,critico
ave,unico,adulto,27.12,60.92,29.97,atencao
ave,unico,adulto,30.87,64.54,61.7,normal
gato,unico,adulto,27.06,30.29,73.8,normal
gato,unico,filhote,28.92,34.31,47.97,normal
gato,unico,adulto,33.71,46.83,57.67,normal
gato,unico,adulto,32.74,58.69,64.48,normal
gato,unico,filhote,30.54,62.39,55.27,normal
cao,medio,adulto,27.13,45.44,97.5,normal
gato,unico,filhote,29.35,35.83,88.71,normal
cao,grande,adulto,27.21,32.75,18.25,critico
ave,unico,adulto,30.84,70.72,48.26,normal
cao,medio,adulto,32.4,52.31,29.1,normal
cao,medio,filhote,33.52,25.37,64.9,atencao
cao,pequeno,idoso,31.83,55.13,72.83,normal
cao,grande,filhote,23.36,50.45,79.91,normal
gato,unico,idoso,32.63,39.85,5.99,atencao
cao,grande,idoso,18.29,64.96,53.63,atencao
cao,grande,adulto,34.82,49.41,38.44,normal
cao,medio,adulto,33.37,48.41,78.23,normal
gato,unico,adulto,33.77,32.01,23.22,normal
ave,unico,idoso,34.62,51.01,52.02,normal
cao,grande,filhote,21.63,15.49,30.78,critico
cao,medio,idoso,35.07,19.93,61.67,critico
ave,unico,idoso,25.13,31.3,77.03,atencao
gato,unico,adulto,27.96,61.68,98.87,normal
cao,medio,adulto,23.76,50.39,93.16,normal
cao,grande,idoso,31.14,28.09,94.84,atencao
cao,pequeno,adulto,34.43,50.36,58.96,normal
cao,medio,filhote,24.68,65.6,14.28,atencao
cao,pequeno,adulto,35.97,68.09,86.77,atencao
gato,unico,idoso,29.49,52.98,85.23,normal
cao,pequeno,adulto,25.88,47.9,79.75,normal
gato,unico,idoso,25.31,35.17,23.77,normal
cao,medio,adulto,21.73,64.79,60.42,normal
ave,unico,filhote,34.53,54.31,56.39,normal
cao,pequeno,adulto,25.21,61.77,71.89,normal
gato,unico,idoso,20.83,36.11,30.94,atencao
cao,medio,idoso,33.37,77.05,31.11,atencao
cao,pequeno,adulto,28.01,57.53,81.15,atencao
cao,pequeno,adulto,23.2,64.69,96.69,normal
gato,unico,adulto,23.31,65.3,23.24,normal
gato,unico,adulto,36.93,64.13,57.36,atencao
gato,unico,idoso,28.23,40.73,62.43,normal
cao,pequeno,adulto,30.42,50.61,99.27,normal
ave,unico,adulto,33.56,52.98,85.19,normal
gato,unico,filhote,23.08,46.07,46.22,normal
cao,pequeno,adulto,26.48,61.27,17.26,atencao
gato,unico,filhote,30.5,52.6,45.82,normal
gato,unico,filhote,30.69,41.1,1.32,critico
cao,pequeno,adulto,27.57,40.43,10.14,atencao
cao,medio,adulto,35.55,50.51,88.36,atencao
gato,unico,adulto,21.11,58.28,70.62,normal
cao,grande,filhote,32.25,78.07,70.57,atencao
cao,grande,filhote,30.28,45.65,35.94,normal
cao,pequeno,adulto,26.87,45.78,90.03,normal
cao,pequeno,filhote,24.24,65.87,97.05,normal
gato,unico,filhote,24.0,44.83,16.42,atencao
cao,medio,adulto,35.97,65.56,12.41,atencao
cao,medio,idoso,23.33,42.07,37.85,normal
ave,unico,idoso,28.79,45.79,89.51,normal
gato,unico,adulto,21.95,59.89,19.07,normal
gato,unico,filhote,37.1,39.54,43.13,critico
ave,unico,adulto,38.65,86.69,68.96,atencao
gato,unico,idoso,28.68,59.74,51.01,normal
gato,unico,adulto,20.04,64.0,47.38,normal
ave,unico,filhote,31.95,42.86,70.12,normal
cao,grande,adulto,34.8,41.13,54.66,normal
gato,unico,adulto,29.62,62.59,9.17,atencao
gato,unico,filhote,24.74,21.96,96.15,atencao
gato,unico,adulto,21.02,77.25,33.71,atencao
cao,medio,adulto,23.81,65.11,11.34,atencao
gato,unico,adulto,30.02,40.85,79.63,normal
gato,unico,filhote,29.65,33.25,2.99,critico
gato,unico,adulto,16.95,69.06,96.15,atencao
gato,unico,adulto,31.2,19.55,75.91,atencao
cao,medio,adulto,25.38,40.71,57.42,normal
cao,medio,idoso,22.29,58.38,30.3,normal
ave,unico,filhote,33.72,48.07,27.63,atencao
gato,unico,adulto,13.51,30.39,49.78,critico
cao,medio,adulto,24.94,57.74,82.47,atencao
cao,pequeno,adulto,24.56,62.47,47.04,normal
gato,unico,adulto,26.25,59.08,73.9,normal
cao,pequeno,idoso,33.71,40.66,76.16,atencao
cao,pequeno,filhote,28.9,64.11,3.33,critico
cao,pequeno,adulto,31.28,87.85,25.16,critico
cao,pequeno,filhote,38.09,52.7,92.16,critico
gato,unico,adulto,35.64,58.58,2.22,critico
ave,unico,idoso,26.37,55.99,58.61,normal
gato,unico,adulto,33.02,34.98,70.46,normal
gato,unico,adulto,38.29,48.56,26.33,critico
gato,unico,adulto,32.99,64.71,12.08,atencao
cao,medio,adulto,21.59,61.04,22.12,critico
cao,medio,adulto,36.89,47.55,27.91,atencao
cao,medio,adulto,27.49,60.59,44.92,normal
gato,unico,adulto,31.29,40.07,85.02,normal
cao,grande,filhote,36.83,47.79,50.07,critico
ave,unico,filhote,32.54,46.59,81.86,normal
cao,pequeno,adulto,31.93,16.55,68.88,atencao
cao,medio,adulto,37.63,51.13,17.01,atencao
gato,unico,adulto,21.49,55.98,88.78,normal
cao,grande,adulto,32.42,55.04,30.65,normal
ave,unico,adulto,26.57,41.73,51.74,normal
cao,pequeno,filhote,22.85,41.84,56.59,normal
ave,unico,filhote,37.27,60.78,90.29,normal
ave,unico,adulto,34.94,43.94,82.83,normal
cao,grande,filhote,20.52,38.8,60.24,atencao
gato,unico,idoso,26.57,59.83,67.3,normal
gato,unico,idoso,28.84,66.94,23.82,normal
cao,pequeno,adulto,23.35,46.32,51.08,normal
gato,unico,adulto,20.3,82.33,69.94,atencao
ave,unico,idoso,33.75,46.44,79.42,normal
ave,unico,filhote,37.74,69.75,67.01,normal
cao,grande,adulto,16.06,33.88,29.82,atencao
cao,medio,filhote,28.68,61.05,90.0,normal
ave,unico,filhote,31.57,65.96,96.88,normal
ave,unico,filhote,29.32,54.46,95.97,normal
gato,unico,adulto,24.74,66.56,98.39,normal
gato,unico,adulto,29.27,62.68,78.71,normal
cao,medio,adulto,30.49,42.28,29.28,normal
cao,medio,adulto,15.63,56.22,27.98,atencao
gato,unico,adulto,28.37,64.79,13.91,atencao
cao,grande,adulto,26.74,48.37,30.77,normal
cao,pequeno,idoso,29.68,60.92,46.68,normal
cao,grande,adulto,26.32,63.55,90.78,normal
cao,medio,filhote,35.01,55.84,17.66,atencao
cao,pequeno,adulto,37.73,62.82,82.0,atencao
ave,unico,idoso,43.07,60.65,78.35,critico
cao,pequeno,adulto,27.91,53.3,76.28,normal
ave,unico,adulto,35.54,65.46,91.53,atencao
gato,unico,adulto,22.65,46.05,95.56,normal
cao,grande,idoso,26.18,37.25,66.5,normal
gato,unico,filhote,22.35,39.9,99.86,normal
cao,medio,filhote,28.03,27.85,48.77,atencao
ave,unico,adulto,25.37,65.73,75.67,normal
gato,unico,adulto,28.13,59.67,72.39,normal
cao,medio,adulto,23.09,86.42,77.04,critico
cao,medio,adulto,24.59,60.37,71.48,normal
cao,medio,adulto,21.16,50.51,50.75,normal
cao,grande,idoso,25.31,74.38,73.06,atencao
cao,medio,idoso,31.09,83.05,86.53,critico
gato,unico,idoso,29.06,49.91,95.91,normal
gato,unico,adulto,24.2,30.77,51.72,normal
gato,unico,adulto,15.17,53.19,29.15,atencao
gato,unico,adulto,29.97,37.04,35.01,normal
cao,medio,adulto,27.42,66.59,40.88,normal
gato,unico,idoso,22.77,58.81,58.87,normal
gato,unico,adulto,32.76,35.86,69.9,normal
cao,medio,adulto,23.49,36.27,76.26,normal
cao,grande,adulto,28.91,60.19,48.21,normal
ave,unico,adulto,31.27,54.19,98.97,normal
cao,medio,idoso,24.85,31.8,33.33,normal
gato,unico,adulto,31.66,48.31,37.01,normal
gato,unico,adulto,32.3,37.87,95.52,normal
cao,pequeno,idoso,23.75,53.87,45.16,normal
cao,pequeno,filhote,28.08,56.26,42.84,normal
cao,pequeno,adulto,27.81,48.76,30.33,normal
cao,medio,adulto,32.27,43.43,68.09,normal
ave,unico,adulto,32.21,36.93,44.19,critico
gato,unico,adulto,21.82,55.74,31.76,normal
cao,grande,adulto,17.72,33.47,42.76,atencao
gato,unico,adulto,22.31,34.98,46.1,normal
ave,unico,adulto,28.21,47.64,38.56,normal
cao,grande,filhote,21.35,36.49,41.57,normal
gato,unico,idoso,26.18,50.36,29.23,normal
cao,grande,filhote,26.54,44.62,3.6,critico
gato,unico,adulto,20.1,48.68,3.43,critico
gato,unico,adulto,23.17,73.65,82.88,atencao
ave,unico,idoso,27.32,65.85,94.72,normal
cao,grande,filhote,26.01,54.44,59.77,normal
gato,unico,filhote,26.26,43.55,80.41,normal
gato,unico,filhote,32.19,64.99,32.04,normal
gato,unico,adulto,32.25,59.5,1.26,critico
cao,pequeno,adulto,37.63,40.86,25.28,atencao
cao,pequeno,adulto,22.44,43.98,48.68,normal
cao,pequeno,adulto,31.87,20.63,19.4,atencao
ave,unico,adulto,27.05,68.81,50.28,normal
gato,unico,adulto,29.13,28.03,29.79,atencao
cao,pequeno,idoso,33.92,63.93,48.44,atencao
cao,pequeno,idoso,31.58,66.98,44.34,normal
cao,pequeno,adulto,23.98,56.51,97.41,normal
ave,unico,adulto,37.82,57.6,86.68,normal
gato,unico,adulto,21.9,69.1,96.97,normal
gato,unico,adulto,22.29,41.98,23.51,normal
gato,unico,idoso,24.28,60.74,48.8,normal
ave,unico,adulto,26.24,51.98,98.79,normal
gato,unico,filhote,28.54,47.15,7.84,atencao
ave,unico,adulto,38.81,25.82,36.2,atencao
ave,unico,adulto,27.01,63.03,82.29,normal
cao,pequeno,adulto,31.8,39.75,14.59,atencao
gato,unico,adulto,26.76,32.53,66.95,normal
gato,unico,adulto,33.77,44.43,78.99,normal
cao,grande,adulto,27.5,35.11,68.67,normal
ave,unico,idoso,29.62,43.65,78.53,normal
gato,unico,idoso,31.27,44.72,49.79,normal
ave,unico,adulto,37.47,68.48,81.47,normal
cao,grande,adulto,23.73,66.41,36.58,normal
gato,unico,filhote,35.97,33.57,89.59,critico
cao,medio,adulto,23.55,38.46,80.2,normal
cao,grande,adulto,36.87,72.44,96.98,atencao
gato,unico,adulto,31.92,64.55,49.58,normal
ave,unico,idoso,35.12,46.91,41.68,normal
ave,unico,adulto,25.28,60.53,14.55,critico
cao,grande,adulto,27.77,30.3,56.7,normal
ave,unico,adulto,35.05,55.49,82.59,normal
cao,medio,adulto,23.5,62.53,69.13,normal
ave,unico,adulto,27.95,48.29,75.82,normal
gato,unico,adulto,31.62,46.63,36.96,normal
cao,grande,filhote,12.02,17.49,63.85,critico
gato,unico,adulto,22.86,83.68,74.68,atencao
ave,unico,adulto,32.1,55.45,43.49,normal
gato,unico,adulto,24.07,64.76,4.52,critico
gato,unico,adulto,20.01,53.77,76.14,normal
cao,pequeno,adulto,29.28,33.27,41.33,normal
gato,unico,idoso,24.03,61.28,55.79,atencao
gato,unico,adulto,26.82,67.4,11.37,atencao
cao,medio,adulto,33.48,48.26,12.24,atencao
cao,grande,adulto,33.95,48.35,38.62,normal
gato,unico,adulto,24.23,32.03,54.81,normal
ave,unico,idoso,36.2,81.43,65.82,atencao
cao,pequeno,idoso,34.85,33.96,89.78,atencao
gato,unico,filhote,25.32,54.46,76.52,normal
cao,grande,adulto,26.45,42.26,97.17,normal
cao,medio,adulto,34.47,13.59,83.26,critico
gato,unico,filhote,29.06,53.89,91.14,normal
cao,grande,adulto,21.18,43.24,43.62,normal
cao,medio,adulto,34.82,45.58,79.95,normal
gato,unico,filhote,29.2,40.21,37.33,normal
cao,grande,adulto,24.22,46.45,42.57,normal
cao,grande,idoso,21.38,62.9,97.57,normal
gato,unico,adulto,24.78,43.54,15.6,normal
gato,unico,idoso,29.14,61.06,29.72,normal
gato,unico,adulto,22.24,81.13,17.68,atencao
gato,unico,adulto,21.7,55.32,13.99,atencao
gato,unico,filhote,34.91,60.57,2.36,critico
gato,unico,adulto,33.26,46.26,80.61,normal
ave,unico,adulto,31.77,35.09,79.8,atencao
gato,unico,idoso,25.11,40.33,84.66,normal
ave,unico,adulto,28.04,87.08,90.26,atencao
gato,unico,filhote,24.49,65.38,21.75,normal
gato,unico,adulto,22.1,51.5,63.94,normal
ave,unico,idoso,33.73,43.13,97.67,normal
ave,unico,idoso,26.58,46.88,42.0,normal
cao,grande,adulto,28.5,67.29,74.95,normal
cao,medio,adulto,32.34,30.53,18.13,atencao
gato,unico,adulto,26.43,49.96,21.14,normal
gato,unico,adulto,29.58,88.83,7.1,critico
gato,unico,adulto,10.75,23.05,88.09,critico
gato,unico,adulto,18.07,36.29,96.8,atencao
gato,unico,idoso,39.31,52.89,39.57,critico
ave,unico,adulto,24.02,68.62,98.63,atencao
gato,unico,filhote,27.02,48.47,79.7,normal
gato,unico,idoso,22.63,51.6,3.21,critico
cao,grande,adulto,21.34,46.72,89.0,normal
cao,grande,filhote,32.04,36.37,35.82,normal
ave,unico,adulto,28.68,31.71,41.62,atencao
cao,medio,idoso,21.33,74.95,54.55,atencao
ave,unico,idoso,35.44,49.58,34.81,atencao
gato,unico,filhote,23.85,29.98,83.71,atencao
gato,unico,idoso,25.63,47.21,6.41,atencao
gato,unico,adulto,24.05,48.05,24.94,normal
ave,unico,idoso,25.03,45.77,70.95,atencao
cao,medio,idoso,31.51,17.62,54.93,atencao
ave,unico,adulto,40.61,53.8,90.13,atencao
gato,unico,idoso,26.92,49.04,2.88,critico
cao,medio,adulto,32.7,63.28,16.05,atencao
cao,pequeno,filhote,25.37,29.51,94.2,atencao
gato,unico,adulto,32.72,54.18,59.86,normal
gato,unico,adulto,27.8,69.13,80.72,normal
ave,unico,adulto,21.53,45.91,64.94,atencao
ave,unico,adulto,29.3,93.45,92.03,critico
gato,unico,adulto,35.66,44.26,53.02,atencao
gato,unico,adulto,33.52,86.39,30.68,critico
ave,unico,adulto,31.97,49.66,82.52,normal
cao,pequeno,idoso,22.1,55.58,46.18,normal
ave,unico,filhote,31.87,51.14,83.69,normal
cao,pequeno,adulto,34.18,66.68,68.76,normal
gato,unico,filhote,26.56,60.82,73.92,normal
cao,medio,adulto,22.75,62.84,57.17,normal
cao,grande,idoso,23.53,42.58,48.3,normal
gato,unico,adulto,27.27,39.37,6.24,atencao
gato,unico,idoso,22.52,32.7,48.63,atencao
cao,grande,adulto,33.85,51.79,45.23,normal
cao,pequeno,filhote,30.08,55.4,99.23,normal
cao,grande,adulto,23.98,56.88,28.9,normal
cao,pequeno,adulto,21.7,30.16,24.99,atencao
ave,unico,adulto,36.23,67.54,68.13,normal
gato,unico,filhote,17.29,53.0,72.57,atencao
gato,unico,adulto,18.78,51.59,21.59,normal
cao,medio,filhote,21.35,28.39,78.78,atencao
ave,unico,adulto,26.57,69.73,69.64,normal
gato,unico,adulto,26.6,69.24,77.93,normal
cao,pequeno,filhote,20.2,38.72,65.57,atencao
cao,medio,filhote,27.34,54.25,96.2,normal
cao,grande,adulto,28.7,51.61,28.77,normal
cao,grande,idoso,21.93,39.37,31.7,normal
gato,unico,filhote,29.9,57.59,28.85,normal
gato,unico,adulto,35.48,66.93,0.08,critico
cao,medio,idoso,30.43,63.22,33.77,normal
gato,unico,filhote,26.41,39.96,12.55,atencao
ave,unico,adulto,34.09,50.59,64.9,normal
gato,unico,adulto,15.27,63.46,58.51,atencao
cao,pequeno,adulto,27.91,52.46,37.81,normal
ave,unico,adulto,27.77,51.16,73.58,normal
gato,unico,adulto,22.94,34.65,97.46,normal
ave,unico,adulto,25.31,68.09,86.22,normal
cao,grande,adulto,24.46,35.43,35.92,normal
cao,grande,idoso,12.38,76.98,95.59,critico
cao,pequeno,idoso,29.95,38.3,46.6,normal
ave,unico,adulto,36.79,47.33,21.09,atencao
ave,unico,idoso,34.42,54.6,39.77,atencao
cao,medio,idoso,29.42,36.07,96.32,normal
gato,unico,filhote,24.13,44.47,50.77,normal
gato,unico,adulto,20.72,49.86,25.48,normal
ave,unico,filhote,30.82,53.06,86.64,normal
ave,unico,adulto,36.24,45.37,13.67,critico
cao,pequeno,filhote,25.89,38.15,85.77,normal
gato,unico,filhote,29.47,39.47,47.85,normal
gato,unico,filhote,22.31,69.25,96.37,atencao
cao,medio,filhote,22.02,45.07,64.93,normal
ave,unico,adulto,31.91,40.14,67.58,normal
cao,grande,adulto,25.76,89.22,73.32,critico
ave,unico,filhote,33.79,68.41,39.31,atencao
cao,pequeno,filhote,32.85,36.22,67.82,atencao
gato,unico,filhote,29.86,58.74,67.61,normal
cao,medio,adulto,22.5,61.9,79.01,normal
gato,unico,adulto,35.67,65.67,39.41,atencao
gato,unico,filhote,24.95,36.93,2.29,critico
cao,grande,adulto,20.56,66.7,75.48,atencao
cao,grande,filhote,33.76,63.02,20.11,atencao
gato,unico,adulto,27.28,29.62,86.62,atencao
gato,unico,filhote,27.01,66.37,25.67,normal
ave,unico,filhote,29.66,61.61,61.77,normal
cao,pequeno,adulto,33.93,32.63,66.21,normal
cao,grande,adulto,28.86,56.11,44.17,normal
cao,medio,adulto,36.82,63.98,65.59,atencao
gato,unico,idoso,30.62,50.3,0.37,critico
cao,medio,adulto,25.76,47.78,35.62,normal
cao,grande,adulto,21.54,51.42,31.39,normal
cao,grande,idoso,17.48,46.24,96.59,atencao
cao,medio,filhote,25.2,62.52,91.62,normal
ave,unico,adulto,29.9,42.91,82.1,normal
cao,pequeno,adulto,24.67,61.32,16.64,atencao
cao,grande,filhote,27.31,59.45,56.4,normal
cao,pequeno,idoso,26.77,45.79,55.34,normal
gato,unico,adulto,35.8,63.94,90.53,atencao
ave,unico,adulto,31.77,91.35,53.04,critico
cao,grande,adulto,34.0,12.81,48.59,critico
gato,unico,adulto,21.18,57.4,75.16,normal
gato,unico,filhote,25.33,35.61,10.9,atencao
gato,unico,filhote,26.31,55.73,43.62,normal
gato,unico,filhote,29.17,62.63,8.68,atencao
cao,grande,adulto,34.68,45.45,45.04,normal
cao,pequeno,adulto,26.32,33.78,34.43,normal
cao,medio,adulto,15.95,48.43,46.47,atencao
gato,unico,idoso,23.99,54.94,71.26,normal
cao,medio,adulto,19.03,63.01,90.12,critico
ave,unico,adulto,30.8,83.94,81.13,atencao
cao,pequeno,adulto,20.11,50.73,27.81,normal
cao,grande,adulto,28.54,66.83,9.68,atencao
cao,grande,adulto,28.11,48.33,95.88,normal
cao,grande,adulto,30.1,32.6,59.93,normal
ave,unico,filhote,28.91,56.6,67.97,normal
gato,unico,adulto,28.15,44.27,28.96,normal
gato,unico,adulto,15.3,66.64,67.31,atencao
cao,grande,adulto,22.89,54.26,75.81,normal
gato,unico,idoso,27.31,29.7,85.8,atencao
cao,medio,adulto,34.52,65.59,70.04,normal
gato,unico,adulto,27.42,24.68,13.92,atencao
gato,unico,filhote,29.77,50.28,99.33,normal
cao,medio,adulto,23.99,63.33,57.01,normal
gato,unico,adulto,29.08,59.09,68.87,normal
gato,unico,filhote,16.75,42.45,58.67,critico
cao,pequeno,adulto,24.94,47.62,89.27,normal
gato,unico,adulto,29.58,65.3,32.3,normal
cao,medio,adulto,33.1,32.39,91.64,normal
cao,grande,adulto,24.94,42.58,17.68,atencao
cao,grande,adulto,34.11,31.91,51.42,normal
cao,medio,adulto,32.85,45.84,39.94,normal
ave,unico,idoso,31.11,54.1,95.02,normal
gato,unico,filhote,30.12,50.17,99.04,normal
gato,unico,adulto,26.51,32.33,37.29,normal
ave,unico,idoso,31.24,47.29,40.25,atencao
cao,grande,adulto,31.5,40.73,69.31,normal
gato,unico,adulto,30.1,67.65,89.94,normal
cao,medio,idoso,34.07,54.01,76.41,atencao
ave,unico,adulto,30.3,73.4,18.74,critico
cao,medio,adulto,30.62,58.55,13.79,atencao
gato,unico,idoso,28.87,39.74,29.51,normal
gato,unico,adulto,41.84,49.37,20.41,critico
cao,medio,adulto,36.81,31.98,32.1,atencao
gato,unico,adulto,20.46,49.97,66.05,normal
gato,unico,adulto,20.87,58.85,34.58,normal
cao,pequeno,adulto,30.28,69.28,6.91,critico
gato,unico,adulto,32.36,67.93,56.37,normal
gato,unico,filhote,29.41,61.97,47.01,normal
gato,unico,adulto,23.66,67.86,76.74,normal
cao,grande,adulto,23.3,47.96,84.73,normal
gato,unico,adulto,27.66,28.87,58.96,atencao
gato,unico,idoso,38.2,58.49,77.56,critico
gato,unico,adulto,28.82,44.39,49.49,normal
gato,unico,adulto,33.59,34.5,37.82,normal
cao,medio,adulto,27.39,63.47,37.28,normal
cao,medio,adulto,18.02,41.96,55.81,atencao
cao,pequeno,idoso,23.9,65.84,38.63,normal
gato,unico,adulto,25.21,31.03,33.85,normal
cao,pequeno,adulto,19.81,54.31,98.75,atencao
gato,unico,adulto,31.78,16.27,4.04,critico
ave,unico,idoso,35.23,69.85,91.44,normal
cao,medio,adulto,30.25,32.09,83.71,normal
gato,unico,adulto,31.84,16.36,87.65,atencao
gato,unico,adulto,36.54,73.14,60.65,atencao
cao,medio,idoso,30.52,54.33,62.71,normal
cao,grande,adulto,34.4,57.05,23.62,atencao
cao,pequeno,adulto,30.95,89.18,52.4,critico
cao,pequeno,adulto,32.62,52.18,92.62,normal
gato,unico,idoso,33.78,67.96,38.26,atencao
ave,unico,idoso,39.22,35.74,76.88,atencao
gato,unico,adulto,22.64,62.2,14.67,atencao
cao,medio,adulto,24.03,49.79,31.46,normal
gato,unico,filhote,27.7,50.09,29.54,normal
ave,unico,adulto,31.19,51.69,27.83,atencao
cao,pequeno,adulto,28.78,30.34,82.08,normal
gato,unico,adulto,29.98,12.77,5.02,critico
ave,unico,adulto,28.97,78.6,56.03,atencao
cao,medio,adulto,17.02,57.06,39.24,atencao
cao,grande,adulto,32.28,34.67,74.2,normal
cao,pequeno,idoso,25.47,58.42,68.22,normal
gato,unico,adulto,26.33,36.78,11.37,atencao
cao,medio,filhote,33.55,61.07,12.82,atencao
gato,unico,idoso,25.53,64.47,59.07,normal
cao,medio,idoso,29.57,64.03,91.09,normal
gato,unico,adulto,27.03,47.51,43.87,normal
cao,grande,idoso,17.08,70.19,54.56,atencao
ave,unico,filhote,28.16,63.3,19.69,critico
ave,unico,adulto,31.76,53.66,94.09,normal
cao,pequeno,adulto,20.44,60.76,92.64,normal
gato,unico,filhote,26.36,51.72,95.43,normal
cao,medio,idoso,23.83,50.68,62.92,normal
cao,medio,idoso,24.42,60.83,92.91,normal
gato,unico,adulto,30.95,37.81,22.37,normal
cao,grande,adulto,29.08,32.28,6.73,critico
cao,medio,adulto,27.96,56.51,69.26,normal
cao,grande,adulto,26.34,38.04,47.93,normal
gato,unico,filhote,27.29,55.16,81.84,normal
ave,unico,adulto,19.09,46.01,87.51,critico
ave,unico,adulto,34.7,59.46,80.47,normal
gato,unico,filhote,25.95,37.71,72.47,normal
cao,medio,adulto,27.87,55.57,50.35,normal
ave,unico,adulto,37.7,60.56,40.55,normal
gato,unico,adulto,26.3,60.25,82.5,atencao
cao,grande,adulto,27.42,65.79,45.08,normal
cao,grande,adulto,26.16,65.94,92.22,normal
gato,unico,filhote,16.26,80.19,88.88,atencao
cao,grande,adulto,36.23,47.16,68.92,atencao
cao,pequeno,idoso,27.77,38.09,34.04,atencao
ave,unico,adulto,35.21,59.59,58.34,normal
cao,medio,filhote,31.43,46.19,85.6,atencao
cao,grande,idoso,25.02,71.23,81.96,atencao
ave,unico,adulto,41.38,49.77,77.01,atencao
gato,unico,filhote,31.44,34.42,86.05,normal
ave,unico,adulto,33.0,61.26,69.01,normal
cao,pequeno,adulto,33.12,31.74,44.58,normal
cao,pequeno,adulto,16.17,15.26,63.78,atencao
gato,unico,adulto,27.41,46.04,40.28,normal
gato,unico,filhote,29.16,40.06,83.44,normal
cao,grande,filhote,31.36,47.12,49.43,normal
gato,unico,adulto,35.69,59.64,71.26,normal
cao,medio,adulto,25.33,62.35,47.1,normal
ave,unico,adulto,33.0,66.09,59.63,normal
ave,unico,adulto,29.24,87.77,86.9,atencao
cao,medio,adulto,24.01,39.78,42.05,normal
gato,unico,idoso,25.09,49.94,53.77,normal
ave,unico,adulto,28.06,44.57,35.82,normal
cao,grande,adulto,35.27,47.51,42.31,atencao
gato,unico,adulto,24.08,60.89,21.42,normal
gato,unico,filhote,30.9,47.54,66.73,normal
cao,grande,adulto,21.34,43.49,31.73,normal
gato,unico,filhote,32.49,60.45,55.5,normal
cao,medio,idoso,23.98,64.74,53.74,normal
cao,grande,idoso,23.18,52.15,96.03,normal
ave,unico,idoso,26.1,49.71,96.38,normal
gato,unico,idoso,23.09,36.85,64.6,normal
cao,pequeno,adulto,14.27,84.92,75.94,critico
cao,medio,filhote,22.07,66.76,58.2,normal
gato,unico,adulto,24.02,52.32,40.87,normal
ave,unico,adulto,26.21,40.05,64.22,normal
cao,grande,idoso,31.8,52.46,99.94,normal
cao,grande,filhote,24.78,42.54,40.69,normal
cao,grande,adulto,22.46,41.41,84.46,normal
cao,pequeno,filhote,32.67,66.15,45.81,normal
gato,unico,adulto,32.34,86.44,58.46,critico
cao,pequeno,filhote,31.41,34.7,72.01,normal
gato,unico,adulto,31.29,36.28,16.28,normal
ave,unico,adulto,19.95,41.92,58.08,critico
cao,grande,adulto,12.76,19.74,79.69,critico
gato,unico,adulto,32.25,67.55,13.05,atencao
cao,pequeno,filhote,31.97,51.72,87.71,normal
cao,pequeno,adulto,24.55,16.6,76.63,atencao
cao,pequeno,filhote,24.44,79.26,51.49,atencao
gato,unico,adulto,21.37,51.07,19.85,normal
cao,pequeno,filhote,22.53,40.46,62.19,normal
cao,grande,idoso,26.65,30.68,97.03,atencao
gato,unico,adulto,31.54,19.75,12.74,atencao
gato,unico,idoso,21.67,33.44,4.68,critico
cao,pequeno,adulto,27.16,35.24,42.67,normal
gato,unico,idoso,40.18,53.32,84.31,critico
ave,unico,filhote,35.57,70.36,21.23,critico
cao,grande,adulto,31.22,39.36,29.49,normal
cao,grande,adulto,27.76,34.98,97.16,normal
cao,grande,adulto,24.35,71.34,63.36,atencao
ave,unico,adulto,37.86,71.64,45.17,normal
ave,unico,adulto,30.13,61.67,45.36,normal
cao,pequeno,filhote,33.47,64.1,41.2,normal
cao,pequeno,filhote,22.67,35.9,93.61,normal
ave,unico,adulto,27.71,54.57,26.73,atencao
ave,unico,adulto,33.39,42.51,49.74,normal
cao,pequeno,filhote,33.0,63.89,84.56,normal
ave,unico,adulto,25.27,51.45,75.82,normal
gato,unico,filhote,24.32,63.93,69.85,normal
gato,unico,adulto,21.01,66.36,14.58,atencao
cao,pequeno,adulto,21.17,51.29,47.75,normal
cao,pequeno,filhote,26.13,39.11,21.97,atencao
cao,pequeno,adulto,34.37,50.12,31.22,normal
cao,medio,filhote,29.03,44.57,89.83,normal
ave,unico,adulto,31.09,46.75,47.42,normal
gato,unico,filhote,30.2,42.03,80.83,normal
ave,unico,filhote,28.5,52.2,68.56,normal
gato,unico,adulto,33.2,14.68,24.03,critico
cao,medio,adulto,32.63,49.31,74.45,normal
ave,unico,adulto,32.15,56.7,18.35,critico
gato,unico,adulto,30.58,14.48,83.57,critico
gato,unico,adulto,20.05,42.8,50.85,normal
cao,grande,filhote,24.05,39.79,32.08,normal
cao,grande,adulto,29.65,40.5,28.93,normal
gato,unico,adulto,23.23,27.02,47.06,atencao
cao,grande,adulto,33.55,84.67,40.04,atencao
cao,grande,adulto,23.23,41.67,37.96,normal
ave,unico,adulto,30.31,71.88,75.0,normal
gato,unico,adulto,25.77,67.38,5.48,atencao
gato,unico,adulto,19.25,79.23,18.36,atencao
gato,unico,adulto,25.64,55.97,74.34,normal
gato,unico,idoso,28.64,43.9,25.35,normal
gato,unico,adulto,25.98,35.15,95.55,normal
cao,medio,adulto,27.13,78.54,53.7,atencao
cao,pequeno,adulto,35.93,62.48,90.04,atencao
cao,pequeno,adulto,15.02,23.49,82.25,critico
ave,unico,adulto,26.91,48.0,92.36,normal
cao,grande,adulto,20.3,60.11,17.11,normal
cao,grande,adulto,26.7,30.28,86.45,normal
cao,pequeno,adulto,25.4,51.63,6.77,critico
cao,pequeno,adulto,16.88,50.36,48.93,atencao
cao,pequeno,adulto,42.77,55.68,47.36,critico
gato,unico,adulto,36.07,66.11,87.29,atencao
gato,unico,adulto,25.8,34.5,21.43,normal
cao,medio,adulto,28.66,55.71,88.74,normal
gato,unico,filhote,24.53,38.69,48.86,normal
cao,grande,adulto,25.3,35.3,20.08,atencao
cao,medio,filhote,27.61,57.52,54.31,normal
ave,unico,filhote,29.93,56.68,22.3,critico
cao,grande,idoso,21.64,60.36,55.46,normal
cao,grande,adulto,32.82,62.09,15.23,atencao
cao,pequeno,adulto,10.42,67.14,68.48,critico
ave,unico,adulto,34.34,71.91,57.47,normal
cao,medio,idoso,29.05,34.32,42.6,normal
cao,medio,filhote,31.72,59.07,54.16,normal
cao,pequeno,adulto,25.65,51.34,25.02,atencao
cao,medio,adulto,23.62,38.33,43.79,normal
gato,unico,adulto,31.28,41.19,31.28,normal
cao,grande,adulto,27.56,64.63,43.1,normal
gato,unico,idoso,21.98,45.12,79.22,normal
ave,unico,adulto,32.71,68.59,97.37,normal
ave,unico,idoso,20.3,54.58,45.66,critico
gato,unico,filhote,29.77,71.89,30.18,atencao
ave,unico,adulto,34.33,49.95,73.08,normal
cao,medio,adulto,28.8,82.95,93.77,atencao
gato,unico,filhote,32.91,38.23,88.71,normal
cao,medio,filhote,24.52,17.22,8.23,critico
gato,unico,adulto,41.66,33.13,73.5,critico
gato,unico,adulto,30.99,73.08,56.4,atencao
ave,unico,filhote,36.5,33.73,68.69,atencao
cao,grande,filhote,24.6,48.76,92.08,normal
cao,pequeno,filhote,26.93,78.47,93.71,atencao
cao,medio,filhote,33.15,50.69,77.21,normal
cao,grande,adulto,31.68,35.24,70.07,normal
cao,pequeno,adulto,16.94,39.69,94.34,atencao
cao,grande,adulto,27.83,30.54,26.46,normal
cao,pequeno,filhote,33.53,40.53,86.28,normal
gato,unico,adulto,20.82,66.85,13.74,atencao
cao,grande,idoso,28.41,24.53,83.42,atencao
gato,unico,adulto,17.3,41.91,17.8,atencao
ave,unico,adulto,33.26,58.35,24.25,atencao
ave,unico,filhote,26.5,31.03,95.48,atencao
gato,unico,filhote,29.25,37.32,47.02,normal
gato,unico,adulto,28.29,89.19,70.61,critico
cao,grande,adulto,24.13,68.71,49.12,normal
ave,unico,adulto,38.98,74.87,47.43,normal
ave,unico,adulto,29.38,57.01,78.17,normal
ave,unico,adulto,41.64,54.56,81.82,atencao
cao,medio,adulto,15.53,57.54,36.88,atencao
gato,unico,adulto,31.03,42.44,42.79,normal
cao,medio,idoso,21.26,56.83,37.41,normal
gato,unico,filhote,30.25,73.81,90.07,atencao
gato,unico,adulto,25.74,49.28,20.99,normal
gato,unico,adulto,23.89,42.98,95.34,normal
ave,unico,adulto,28.96,83.31,69.26,atencao
gato,unico,adulto,30.7,30.2,93.01,normal
gato,unico,adulto,22.76,69.36,77.58,normal
gato,unico,adulto,41.73,35.3,80.85,critico
gato,unico,adulto,23.71,67.34,76.2,normal
cao,medio,adulto,31.31,38.76,58.23,normal
gato,unico,adulto,28.65,60.8,23.84,normal
cao,pequeno,filhote,33.4,63.27,48.5,normal
ave,unico,idoso,35.84,58.05,68.34,normal
ave,unico,adulto,29.4,36.06,39.56,atencao
cao,medio,idoso,32.15,49.99,60.37,normal
cao,medio,adulto,29.17,54.97,11.98,atencao
gato,unico,idoso,30.05,42.38,92.17,normal
ave,unico,filhote,35.78,52.93,88.69,normal
cao,medio,filhote,34.12,49.19,99.41,atencao
ave,unico,adulto,35.79,47.37,67.59,normal
gato,unico,adulto,23.27,46.38,81.31,normal
cao,pequeno,adulto,31.57,39.12,94.17,normal
cao,grande,filhote,17.62,37.93,47.4,atencao
cao,medio,adulto,33.72,34.52,81.81,normal
ave,unico,filhote,35.06,66.72,93.33,normal
cao,medio,filhote,34.21,59.05,95.23,atencao
gato,unico,filhote,32.32,75.11,16.18,atencao
cao,medio,adulto,21.24,66.6,47.0,atencao
gato,unico,adulto,26.87,47.54,12.6,atencao
cao,pequeno,adulto,37.38,48.25,37.81,atencao
cao,grande,adulto,35.21,64.17,83.62,normal
gato,unico,adulto,21.45,25.72,94.7,atencao
ave,unico,idoso,36.91,70.77,55.57,normal
cao,grande,filhote,19.17,65.91,47.42,atencao
gato,unico,filhote,31.27,51.58,3.35,critico
cao,medio,idoso,25.5,52.09,34.57,normal
cao,pequeno,adulto,15.23,14.44,52.59,critico
cao,medio,adulto,22.14,57.84,37.34,normal
gato,unico,adulto,12.17,62.78,91.97,critico
cao,grande,adulto,21.8,51.28,14.27,atencao
ave,unico,filhote,26.61,62.51,91.93,normal
cao,pequeno,idoso,23.2,60.62,89.65,normal
gato,unico,adulto,32.8,83.94,11.28,atencao
gato,unico,adulto,25.53,40.16,98.48,normal
cao,medio,adulto,34.75,67.0,83.93,normal
gato,unico,adulto,24.56,62.68,49.75,normal
gato,unico,adulto,24.57,59.79,21.77,normal
cao,grande,adulto,11.93,49.39,15.32,critico
ave,unico,adulto,20.63,44.31,44.58,atencao
cao,pequeno,adulto,20.45,32.87,74.49,normal
gato,unico,filhote,17.2,58.79,67.55,atencao
cao,medio,filhote,28.4,34.82,39.33,normal
gato,unico,adulto,28.72,38.31,57.85,normal
gato,unico,idoso,27.53,42.64,95.75,normal
cao,grande,filhote,13.58,67.99,36.9,critico
ave,unico,idoso,31.91,88.06,93.87,critico
gato,unico,adulto,29.14,43.96,97.13,normal
cao,pequeno,adulto,32.02,21.45,45.6,atencao
ave,unico,adulto,23.35,42.52,51.68,atencao
cao,grande,adulto,30.71,49.2,55.18,normal
cao,grande,adulto,22.27,47.67,82.8,normal
cao,pequeno,filhote,24.49,33.18,8.45,critico
ave,unico,adulto,38.62,61.24,42.79,normal
gato,unico,adulto,24.49,64.71,34.77,normal
ave,unico,adulto,33.51,54.09,48.51,normal
cao,pequeno,filhote,31.5,69.74,81.52,atencao
gato,unico,adulto,22.65,52.94,7.15,atencao
ave,unico,adulto,37.06,72.98,68.7,normal
cao,pequeno,filhote,25.62,40.96,32.93,normal
cao,grande,adulto,24.03,56.17,65.02,atencao
cao,medio,adulto,34.16,89.15,51.24,critico
gato,unico,idoso,26.11,37.36,27.77,normal
cao,pequeno,adulto,29.29,57.02,83.3,normal
ave,unico,adulto,32.79,75.63,67.26,atencao
ave,unico,filhote,32.53,47.64,85.91,normal
cao,pequeno,adulto,34.77,67.83,39.78,normal
cao,medio,adulto,33.13,58.18,59.04,normal
gato,unico,adulto,27.57,63.98,55.81,normal
cao,pequeno,adulto,38.77,64.23,63.6,critico
gato,unico,adulto,21.48,57.76,2.6,critico
ave,unico,idoso,29.6,55.2,58.73,normal
gato,unico,adulto,23.68,36.54,45.84,normal
gato,unico,filhote,24.04,56.24,73.97,normal
ave,unico,filhote,32.02,65.77,38.38,atencao
gato,unico,adulto,28.12,54.76,39.05,normal
gato,unico,adulto,32.53,30.97,44.63,normal
gato,unico,adulto,30.11,33.2,30.57,normal
cao,pequeno,adulto,28.84,52.4,80.42,normal
cao,grande,adulto,32.19,35.14,10.28,atencao
cao,medio,filhote,29.92,43.25,73.6,normal
cao,pequeno,filhote,23.04,48.95,65.02,normal
ave,unico,adulto,33.19,57.96,67.22,normal
cao,grande,filhote,25.37,35.42,13.34,atencao
cao,pequeno,filhote,26.66,45.1,65.84,normal
ave,unico,adulto,29.27,64.08,91.16,atencao
ave,unico,adulto,29.18,46.75,42.55,normal
gato,unico,idoso,28.38,48.09,33.13,normal
gato,unico,filhote,28.82,38.05,63.3,normal
cao,grande,adulto,27.91,59.37,29.13,normal
ave,unico,adulto,41.0,78.24,46.92,atencao
cao,pequeno,filhote,34.41,33.78,92.71,atencao
cao,grande,filhote,20.53,23.81,14.01,atencao
cao,pequeno,adulto,29.59,87.25,81.52,critico
cao,grande,adulto,34.33,60.88,88.18,normal
cao,grande,adulto,16.28,56.03,11.74,atencao
gato,unico,adulto,19.46,48.35,11.77,atencao
ave,unico,adulto,31.96,43.29,53.9,normal
gato,unico,idoso,32.76,65.66,44.04,normal
gato,unico,filhote,32.91,61.75,67.96,normal
gato,unico,adulto,20.56,75.6,47.6,atencao
gato,unico,filhote,31.01,55.13,68.23,normal
cao,pequeno,idoso,25.39,60.81,32.12,normal
gato,unico,adulto,34.06,53.3,74.4,atencao
ave,unico,filhote,36.21,46.79,73.19,atencao
ave,unico,filhote,26.15,45.45,44.37,normal
ave,unico,adulto,35.16,32.44,61.24,atencao
gato,unico,adulto,29.5,46.84,96.72,normal
cao,pequeno,filhote,28.77,60.45,37.13,normal
gato,unico,adulto,25.56,43.47,10.69,critico
cao,pequeno,filhote,32.1,74.7,64.96,atencao
gato,unico,adulto,32.14,68.11,49.41,normal
ave,unico,adulto,32.09,26.88,21.95,atencao
gato,unico,adulto,34.68,21.22,42.79,atencao
cao,grande,adulto,29.1,67.22,87.77,normal
cao,pequeno,filhote,33.82,33.77,37.38,normal
cao,grande,adulto,29.14,62.82,46.39,normal
gato,unico,filhote,23.9,59.76,22.29,normal
cao,pequeno,adulto,25.54,50.23,67.03,atencao
gato,unico,filhote,29.72,45.06,13.09,atencao
ave,unico,filhote,22.96,67.79,66.32,atencao
gato,unico,filhote,24.29,46.06,86.49,normal
cao,pequeno,adulto,22.23,48.25,61.93,normal
ave,unico,adulto,25.51,46.85,88.74,normal
cao,pequeno,adulto,32.46,17.88,29.59,atencao
cao,grande,idoso,28.66,66.63,41.19,normal
gato,unico,adulto,20.65,73.58,95.05,atencao
cao,grande,adulto,29.06,34.21,67.95,normal
cao,grande,idoso,27.51,62.09,66.87,normal
gato,unico,adulto,23.57,57.03,61.12,normal
gato,unico,adulto,23.26,52.95,13.22,normal
cao,grande,adulto,20.43,16.7,79.05,atencao
ave,unico,filhote,32.0,76.74,90.13,atencao
cao,medio,idoso,24.63,57.93,36.05,normal
gato,unico,adulto,33.32,72.22,78.44,atencao
cao,pequeno,adulto,20.13,36.74,68.56,normal
cao,medio,adulto,30.72,66.67,77.91,normal
cao,pequeno,adulto,30.08,13.6,75.7,critico
gato,unico,adulto,29.88,49.57,47.55,normal
cao,grande,idoso,40.08,50.74,34.65,critico
cao,grande,adulto,22.88,63.6,79.37,normal
cao,medio,filhote,32.53,37.0,99.31,normal
ave,unico,adulto,27.93,40.41,99.83,normal
gato,unico,adulto,23.94,56.72,30.02,normal
cao,grande,idoso,28.52,63.74,52.01,normal
cao,medio,filhote,29.67,39.39,73.51,normal
ave,unico,adulto,29.71,47.39,24.7,atencao
cao,medio,filhote,23.41,30.97,62.79,atencao
cao,medio,adulto,20.59,55.54,10.76,atencao
cao,pequeno,adulto,33.89,68.47,39.21,normal
gato,unico,adulto,29.47,85.79,73.7,atencao
gato,unico,filhote,27.16,81.61,29.63,atencao
gato,unico,filhote,25.88,29.82,57.89,atencao
gato,unico,adulto,28.45,43.02,98.61,normal
cao,grande,idoso,29.63,34.49,52.47,normal
gato,unico,filhote,12.44,20.55,54.71,critico
cao,pequeno,adulto,24.99,47.53,44.7,normal
cao,grande,idoso,23.23,56.43,65.73,normal
gato,unico,adulto,22.8,25.28,81.22,atencao
gato,unico,adulto,20.28,65.62,63.39,normal
ave,unico,adulto,36.37,68.28,47.34,normal
cao,grande,adulto,18.35,49.08,73.17,atencao
ave,unico,adulto,23.63,36.67,67.52,atencao
cao,grande,adulto,18.36,31.26,20.9,atencao
ave,unico,adulto,41.61,36.47,46.35,atencao
gato,unico,adulto,24.51,68.97,14.86,atencao
cao,grande,filhote,35.35,26.91,16.91,atencao
ave,unico,adulto,28.74,72.53,46.21,normal
ave,unico,adulto,33.11,59.44,83.08,normal
gato,unico,filhote,26.99,42.26,31.6,normal
cao,grande,adulto,29.31,58.76,67.71,normal
gato,unico,adulto,30.34,35.66,90.01,normal
ave,unico,idoso,32.98,46.4,68.35,normal
gato,unico,idoso,31.1,71.39,40.48,atencao
cao,medio,idoso,33.83,58.53,74.92,normal
gato,unico,adulto,24.97,31.97,17.64,normal
gato,unico,adulto,27.76,60.48,60.68,normal
gato,unico,idoso,31.06,34.14,47.85,normal
gato,unico,idoso,23.87,74.42,22.21,critico
ave,unico,idoso,27.77,63.31,49.54,atencao
ave,unico,idoso,25.99,59.11,95.93,atencao
cao,medio,filhote,21.19,58.44,93.16,normal
cao,pequeno,adulto,22.1,33.85,56.84,normal
gato,unico,adulto,33.07,51.7,59.83,normal
gato,unico,adulto,21.98,30.03,83.86,normal
gato,unico,filhote,22.09,54.55,92.97,normal
cao,pequeno,filhote,23.79,55.62,34.97,normal
gato,unico,idoso,28.23,38.57,78.25,normal
cao,pequeno,idoso,24.97,48.76,71.72,normal
ave,unico,idoso,28.09,64.69,58.98,normal
cao,grande,adulto,29.94,36.33,76.61,normal
cao,medio,filhote,22.76,47.46,46.86,normal
gato,unico,adulto,30.48,40.48,13.82,atencao
cao,medio,adulto,33.38,70.22,11.21,atencao
ave,unico,adulto,21.96,64.97,77.86,atencao
ave,unico,adulto,33.75,86.82,89.63,atencao
gato,unico,adulto,29.07,22.56,75.25,atencao
gato,unico,idoso,24.01,44.03,45.17,normal
cao,medio,adulto,20.39,24.46,21.24,atencao
gato,unico,adulto,26.12,67.31,11.32,normal
cao,medio,adulto,24.32,55.54,46.51,normal
cao,medio,adulto,24.4,45.98,88.93,normal
ave,unico,adulto,32.0,63.76,60.48,normal
cao,medio,idoso,24.49,65.46,72.02,normal
ave,unico,filhote,24.89,42.65,96.29,atencao
ave,unico,adulto,27.3,77.8,52.51,atencao
gato,unico,idoso,17.32,66.54,43.61,atencao
cao,pequeno,adulto,21.73,34.28,78.96,normal
gato,unico,filhote,31.22,41.74,19.37,normal
gato,unico,adulto,23.12,32.26,23.79,normal
ave,unico,idoso,31.18,49.47,71.53,normal
gato,unico,adulto,23.55,67.62,4.53,critico
cao,medio,filhote,28.35,84.52,67.6,critico
cao,pequeno,filhote,19.97,48.36,89.89,atencao
gato,unico,adulto,33.22,43.44,62.66,normal
cao,pequeno,adulto,21.43,71.88,86.02,atencao
gato,unico,adulto,20.5,51.13,11.62,atencao
cao,medio,filhote,23.77,63.8,88.6,normal
gato,unico,adulto,26.6,12.84,2.2,critico
cao,grande,adulto,21.01,48.59,86.56,normal
gato,unico,filhote,33.53,62.46,20.39,atencao
cao,medio,adulto,33.69,34.73,73.43,normal
cao,pequeno,adulto,23.75,63.46,63.42,normal
cao,pequeno,filhote,22.85,81.8,45.74,critico
cao,medio,idoso,20.62,46.92,49.87,atencao
cao,grande,filhote,33.9,54.33,17.35,critico
cao,medio,adulto,34.6,37.75,50.94,normal
gato,unico,idoso,25.31,33.29,86.76,normal
cao,medio,idoso,21.53,64.97,92.38,normal
cao,pequeno,filhote,27.95,51.48,75.56,normal
cao,medio,adulto,25.81,55.89,28.36,normal
cao,medio,filhote,21.81,48.55,21.46,atencao
gato,unico,adulto,35.69,49.77,77.21,atencao
cao,pequeno,idoso,26.02,65.13,63.42,normal
ave,unico,adulto,33.0,68.89,52.89,normal
ave,unico,idoso,26.94,36.13,91.1,atencao
cao,medio,filhote,30.13,49.68,47.6,normal
gato,unico,adulto,32.39,53.08,33.8,normal
gato,unico,adulto,23.77,62.13,18.75,normal
gato,unico,adulto,33.89,35.21,82.67,normal
gato,unico,filhote,25.75,49.74,90.17,normal
cao,medio,idoso,26.39,51.27,2.26,critico
gato,unico,adulto,20.03,39.79,72.85,normal
gato,unico,filhote,22.49,36.87,51.49,normal
cao,pequeno,adulto,29.72,84.58,27.82,atencao
cao,grande,adulto,24.74,42.56,72.51,normal
cao,medio,adulto,21.59,55.14,11.43,atencao
cao,grande,adulto,21.42,59.13,49.31,normal
cao,pequeno,filhote,33.59,34.27,60.83,normal
gato,unico,adulto,17.55,53.41,45.54,atencao
gato,unico,adulto,26.66,44.54,69.49,normal
cao,grande,adulto,33.52,36.56,53.61,normal
gato,unico,filhote,35.42,66.72,82.69,atencao
cao,pequeno,filhote,29.58,44.75,41.51,normal
ave,unico,filhote,26.99,63.25,87.34,normal
ave,unico,adulto,36.57,71.98,92.2,normal
cao,grande,filhote,17.51,34.31,91.45,atencao
cao,grande,adulto,11.31,69.28,92.34,critico
cao,pequeno,idoso,22.76,33.89,78.0,normal
gato,unico,filhote,18.59,69.98,24.6,atencao
ave,unico,adulto,28.63,40.66,37.33,normal
cao,medio,filhote,32.79,44.97,58.41,normal
ave,unico,idoso,26.27,38.92,52.96,atencao
cao,pequeno,filhote,23.82,56.4,44.92,normal
ave,unico,adulto,40.45,51.31,89.53,atencao
gato,unico,idoso,24.59,55.43,28.93,normal
gato,unico,adulto,29.62,66.53,66.73,normal
cao,pequeno,adulto,28.4,74.1,40.71,atencao
ave,unico,filhote,31.47,69.65,25.37,atencao
ave,unico,adulto,39.91,52.09,99.42,atencao
cao,medio,idoso,22.42,17.07,82.81,critico
gato,unico,adulto,23.6,57.74,18.38,atencao
cao,pequeno,adulto,32.59,47.93,72.75,normal
cao,pequeno,adulto,23.32,57.08,21.58,atencao
ave,unico,adulto,46.02,49.52,81.99,critico
cao,pequeno,adulto,23.09,39.99,15.05,atencao
ave,unico,idoso,33.06,56.14,36.68,atencao
gato,unico,idoso,23.59,33.36,81.6,normal
ave,unico,filhote,35.83,44.39,77.11,normal
cao,grande,adulto,25.67,10.55,21.92,critico
cao,grande,adulto,21.48,40.86,89.13,normal
cao,grande,idoso,25.54,66.08,98.57,normal
gato,unico,adulto,23.76,31.64,12.05,atencao
gato,unico,filhote,26.42,83.78,40.0,critico
ave,unico,adulto,31.6,64.88,63.54,normal
cao,pequeno,filhote,22.56,57.0,10.88,critico
gato,unico,adulto,19.01,45.91,43.59,atencao
gato,unico,filhote,23.84,49.34,12.37,atencao
cao,pequeno,adulto,29.48,40.28,96.15,normal
gato,unico,filhote,23.07,65.83,18.87,normal
ave,unico,adulto,31.74,51.67,64.19,normal
gato,unico,idoso,27.84,47.81,2.44,critico
cao,pequeno,adulto,30.99,57.44,87.5,normal
gato,unico,idoso,24.02,53.72,65.84,normal
cao,medio,adulto,25.55,49.44,48.53,normal
gato,unico,idoso,22.74,40.27,26.34,normal
gato,unico,adulto,29.56,56.43,95.8,normal
gato,unico,adulto,30.22,32.08,90.16,normal
cao,pequeno,idoso,32.12,69.94,69.01,atencao
gato,unico,adulto,21.88,42.81,92.64,normal
gato,unico,adulto,25.73,59.93,24.64,normal
ave,unico,idoso,40.03,72.03,64.05,atencao
cao,medio,adulto,37.86,66.43,97.17,atencao
cao,grande,idoso,26.58,39.71,73.65,normal
gato,unico,adulto,29.59,35.02,81.85,atencao
gato,unico,filhote,21.26,49.41,44.91,normal
cao,pequeno,idoso,30.56,43.63,87.77,normal
cao,grande,adulto,28.92,61.76,99.2,normal
cao,medio,idoso,17.38,55.27,49.41,atencao
gato,unico,idoso,21.05,23.59,86.73,atencao
gato,unico,filhote,21.43,50.69,12.55,critico
cao,medio,filhote,28.28,49.16,85.22,normal
gato,unico,filhote,22.64,43.56,3.62,critico
cao,medio,filhote,19.17,78.16,58.74,atencao
cao,medio,filhote,26.26,34.23,68.32,normal
gato,unico,idoso,29.48,36.89,42.8,normal
gato,unico,idoso,30.35,45.44,37.54,normal
gato,unico,adulto,29.41,37.87,91.13,normal
cao,pequeno,adulto,21.58,58.26,62.47,normal
cao,pequeno,filhote,32.22,37.29,77.26,normal
ave,unico,adulto,33.01,56.8,66.94,normal
gato,unico,adulto,30.11,67.51,22.76,normal
cao,pequeno,adulto,20.29,62.23,33.11,normal
ave,unico,idoso,37.79,61.05,79.46,normal
ave,unico,adulto,27.78,48.41,77.86,normal
cao,grande,filhote,32.72,23.26,80.98,atencao
ave,unico,adulto,25.56,43.32,10.07,critico
ave,unico,adulto,20.01,47.83,57.13,atencao
gato,unico,idoso,32.84,50.8,34.51,normal
cao,grande,adulto,25.02,43.21,26.48,normal
cao,pequeno,adulto,22.03,57.81,34.02,normal
gato,unico,adulto,23.23,74.75,72.57,atencao
cao,medio,adulto,24.34,53.09,29.94,normal
gato,unico,adulto,22.68,46.3,94.64,normal
cao,medio,idoso,25.93,55.58,47.42,normal
cao,pequeno,adulto,21.91,32.34,47.91,normal
cao,medio,filhote,23.14,79.51,94.82,normal
gato,unico,adulto,32.57,59.26,46.19,normal
cao,grande,idoso,22.48,56.41,98.49,normal
ave,unico,adulto,23.67,70.49,47.52,atencao
gato,unico,idoso,22.21,24.61,31.5,atencao
cao,grande,adulto,28.72,69.02,82.11,normal
cao,medio,adulto,26.35,30.18,3.13,critico
ave,unico,adulto,32.37,51.35,42.22,normal
cao,medio,filhote,26.77,29.21,85.37,atencao
cao,grande,adulto,29.44,36.11,78.26,normal
ave,unico,adulto,40.98,65.56,64.46,atencao
cao,pequeno,filhote,29.85,45.24,76.55,normal
ave,unico,adulto,25.57,53.68,31.86,atencao
ave,unico,idoso,40.45,42.94,77.81,atencao
cao,grande,adulto,26.19,64.39,43.89,normal
cao,medio,adulto,35.39,43.11,40.76,atencao
cao,pequeno,idoso,27.47,49.18,93.05,normal
gato,unico,idoso,21.46,43.88,66.78,normal
ave,unico,idoso,33.25,56.91,37.92,atencao
ave,unico,idoso,26.8,73.75,45.27,atencao
cao,grande,idoso,28.63,50.7,81.8,normal
ave,unico,idoso,32.12,55.19,64.59,normal
cao,medio,adulto,20.4,43.42,98.2,normal
gato,unico,filhote,31.45,44.2,66.05,normal
gato,unico,adulto,31.86,47.65,5.18,atencao
gato,unico,adulto,21.04,50.42,97.4,normal
gato,unico,idoso,29.3,35.41,33.24,normal
gato,unico,adulto,30.8,82.45,96.27,atencao
gato,unico,adulto,29.78,38.31,16.72,normal
cao,medio,idoso,27.24,83.29,44.58,critico
ave,unico,adulto,25.56,47.04,46.61,normal
cao,medio,adulto,25.07,46.74,63.14,normal
cao,medio,adulto,27.15,40.83,27.19,normal
gato,unico,adulto,28.47,45.83,40.39,normal
gato,unico,idoso,31.37,58.39,88.29,normal
cao,medio,idoso,17.32,39.28,53.49,atencao
ave,unico,idoso,32.52,63.8,53.58,normal
cao,medio,adulto,30.09,58.17,66.9,atencao
cao,pequeno,adulto,33.55,34.44,38.28,normal
gato,unico,adulto,26.0,35.07,63.14,normal
cao,grande,idoso,26.2,42.68,41.41,normal
gato,unico,idoso,18.77,59.69,15.55,atencao
cao,medio,idoso,28.19,39.11,62.43,normal
cao,pequeno,adulto,19.4,31.8,79.84,atencao
cao,grande,adulto,33.08,33.92,57.72,normal
cao,medio,adulto,34.43,63.37,61.73,normal
gato,unico,adulto,30.68,63.34,44.58,normal
gato,unico,adulto,32.49,15.78,28.48,atencao
gato,unico,adulto,31.38,35.3,34.84,normal
cao,grande,adulto,36.88,58.16,73.81,atencao
cao,grande,adulto,13.95,54.73,33.48,critico
gato,unico,adulto,22.19,80.34,66.66,atencao
ave,unico,idoso,32.45,56.57,28.71,atencao
cao,grande,adulto,16.13,53.02,56.76,atencao
cao,pequeno,adulto,27.72,36.83,74.72,normal
ave,unico,adulto,36.94,49.03,66.95,normal
cao,pequeno,filhote,33.56,44.33,71.42,normal
gato,unico,adulto,19.78,60.67,97.41,atencao
ave,unico,idoso,24.84,66.07,35.95,atencao
cao,pequeno,filhote,38.21,42.37,86.39,critico
gato,unico,filhote,18.92,64.67,65.69,atencao
cao,grande,filhote,27.99,30.86,89.47,atencao
cao,grande,idoso,26.53,35.26,29.52,normal
ave,unico,adulto,32.33,52.04,99.81,normal
gato,unico,adulto,30.81,60.45,96.2,normal
gato,unico,filhote,20.1,52.4,80.29,atencao
ave,unico,adulto,27.1,60.01,51.49,normal
cao,medio,idoso,24.03,33.39,38.61,normal
cao,medio,adulto,35.81,57.92,25.12,atencao
ave,unico,adulto,39.39,46.97,73.2,atencao
cao,medio,adulto,20.96,64.5,97.11,normal
gato,unico,filhote,23.99,48.3,19.47,normal
gato,unico,adulto,28.97,46.56,7.7,atencao
gato,unico,idoso,23.51,27.17,39.06,atencao
cao,medio,idoso,39.87,52.21,90.02,critico
cao,grande,idoso,22.62,59.71,76.95,normal
cao,pequeno,idoso,22.59,56.62,60.58,normal
cao,pequeno,adulto,34.17,35.66,73.21,normal
gato,unico,adulto,14.22,38.15,12.43,critico
cao,grande,adulto,30.28,60.36,64.95,normal
ave,unico,adulto,33.94,73.37,41.57,normal
ave,unico,adulto,29.32,29.42,35.99,atencao
cao,grande,idoso,23.93,42.59,60.72,normal
gato,unico,filhote,23.09,62.69,75.7,normal
gato,unico,filhote,34.28,59.59,7.71,atencao
ave,unico,adulto,30.49,57.15,42.18,normal
ave,unico,adulto,30.87,51.08,37.31,normal
ave,unico,adulto,26.91,82.71,50.05,atencao
cao,medio,adulto,22.72,81.99,92.4,atencao
ave,unico,adulto,38.18,70.36,53.69,normal
gato,unico,adulto,24.66,47.06,26.84,normal
ave,unico,filhote,26.32,68.48,73.77,normal
gato,unico,idoso,28.29,64.52,72.42,normal
ave,unico,filhote,34.27,66.04,48.02,normal
cao,pequeno,filhote,36.21,42.79,42.51,atencao
ave,unico,adulto,34.12,64.94,79.72,normal
cao,pequeno,adulto,24.79,40.09,96.69,normal
gato,unico,idoso,32.04,48.55,87.33,normal
ave,unico,adulto,31.33,54.85,45.19,normal
gato,unico,idoso,26.12,51.27,19.5,normal
gato,unico,adulto,17.65,45.67,67.86,atencao
cao,pequeno,filhote,33.48,36.23,56.94,normal
gato,unico,adulto,13.94,51.65,8.24,critico
gato,unico,filhote,22.67,63.18,56.42,normal
ave,unico,adulto,37.29,60.5,78.82,normal
cao,pequeno,adulto,32.06,56.37,54.85,normal
cao,grande,adulto,27.7,62.12,53.02,normal
cao,grande,filhote,26.07,84.6,97.15,critico
ave,unico,adulto,23.24,54.46,61.37,atencao
cao,grande,filhote,39.24,45.13,49.76,critico
gato,unico,adulto,14.14,36.82,91.28,critico
cao,pequeno,adulto,29.84,65.27,61.4,normal
cao,pequeno,adulto,28.13,66.76,92.49,normal
gato,unico,adulto,26.27,40.98,48.42,normal
cao,medio,adulto,25.82,41.47,45.14,normal
cao,grande,adulto,32.92,32.79,75.82,normal
gato,unico,filhote,23.11,44.71,22.72,normal
gato,unico,idoso,24.26,59.13,90.53,normal
ave,unico,adulto,28.1,56.22,65.57,normal
gato,unico,adulto,32.23,60.51,10.13,atencao
gato,unico,filhote,18.12,37.93,14.55,atencao
cao,grande,adulto,29.02,56.22,25.65,normal
cao,pequeno,idoso,32.95,35.25,55.3,normal
cao,medio,adulto,26.04,21.28,78.56,atencao
gato,unico,adulto,32.06,36.19,9.52,atencao
ave,unico,adulto,40.89,42.78,66.72,atencao
gato,unico,idoso,22.89,45.57,44.77,normal
cao,pequeno,adulto,26.35,52.87,92.72,normal
cao,grande,adulto,25.92,69.25,81.93,normal
ave,unico,filhote,32.14,61.78,47.19,normal
ave,unico,filhote,36.1,59.95,99.18,normal
ave,unico,adulto,33.91,93.02,53.01,critico
ave,unico,idoso,36.31,51.06,81.57,normal
cao,pequeno,adulto,30.11,83.42,65.69,atencao
cao,medio,adulto,34.68,62.4,66.68,normal
ave,unico,adulto,38.26,57.67,92.66,normal
gato,unico,idoso,25.31,45.87,52.08,normal
ave,unico,idoso,32.55,59.09,70.38,normal
ave,unico,adulto,40.32,43.19,81.71,atencao
gato,unico,adulto,22.99,37.88,50.08,normal
cao,grande,adulto,23.42,53.35,52.86,normal
gato,unico,adulto,26.28,51.49,32.3,normal
cao,pequeno,filhote,23.11,17.68,98.15,critico
cao,medio,adulto,20.12,65.95,94.83,normal
gato,unico,adulto,33.45,13.54,30.09,critico
gato,unico,idoso,24.05,67.81,35.85,atencao
cao,pequeno,filhote,27.66,51.56,31.83,normal
cao,medio,idoso,23.3,49.99,71.34,normal
ave,unico,idoso,27.82,54.49,94.38,normal
gato,unico,filhote,32.94,16.13,67.57,critico
cao,grande,idoso,25.42,52.91,17.34,atencao
cao,grande,filhote,22.23,40.58,15.08,normal
cao,medio,adulto,26.42,56.33,44.79,normal
gato,unico,adulto,20.17,50.76,66.49,normal
cao,medio,idoso,33.4,53.04,62.67,normal
ave,unico,adulto,33.03,72.48,88.84,normal
ave,unico,idoso,29.89,49.68,56.63,normal
cao,medio,idoso,27.56,19.57,76.99,critico
ave,unico,adulto,28.0,62.32,67.9,normal
ave,unico,idoso,39.64,55.32,39.22,atencao
cao,pequeno,idoso,31.9,50.86,78.22,normal
gato,unico,filhote,31.56,49.85,43.44,normal
ave,unico,filhote,35.02,49.17,64.03,normal
ave,unico,adulto,37.12,65.35,26.06,atencao
cao,medio,idoso,34.42,55.35,59.39,atencao
ave,unico,filhote,27.87,66.62,71.19,normal
gato,unico,idoso,32.68,42.58,57.23,normal
gato,unico,filhote,33.15,36.05,66.3,atencao
cao,grande,adulto,28.99,46.75,16.48,atencao
gato,unico,adulto,36.2,31.23,67.48,atencao
ave,unico,adulto,35.65,56.83,95.55,normal
cao,grande,adulto,30.62,59.92,39.77,normal
cao,grande,filhote,31.04,61.29,18.14,atencao
cao,medio,filhote,17.85,44.14,44.23,atencao
cao,medio,adulto,27.38,30.78,75.35,normal
cao,grande,adulto,27.85,65.95,37.33,normal
gato,unico,adulto,31.26,61.68,25.81,normal
gato,unico,adulto,25.58,36.81,36.65,normal
ave,unico,adulto,28.69,59.47,26.17,atencao
cao,medio,adulto,34.22,35.05,98.03,normal
gato,unico,adulto,23.23,60.91,8.39,atencao
cao,grande,adulto,22.15,64.32,48.16,normal
gato,unico,adulto,29.22,52.66,55.1,normal
ave,unico,filhote,31.95,64.41,25.08,normal
cao,medio,adulto,30.02,65.83,29.33,normal
cao,medio,filhote,22.92,57.37,6.14,critico
gato,unico,adulto,25.65,35.48,58.08,normal
gato,unico,adulto,21.77,13.82,56.88,critico
cao,grande,adulto,40.4,78.28,7.53,critico
ave,unico,idoso,29.41,49.13,71.88,normal
ave,unico,filhote,27.9,62.46,76.78,normal
cao,pequeno,adulto,21.31,31.46,71.52,normal
cao,grande,adulto,24.41,33.46,81.96,normal
gato,unico,adulto,17.89,43.69,22.13,atencao
cao,pequeno,idoso,33.78,37.32,13.04,atencao
gato,unico,filhote,31.5,43.26,13.53,atencao
cao,medio,idoso,25.32,46.31,47.91,normal
gato,unico,adulto,24.8,46.43,76.24,normal
cao,medio,filhote,27.65,65.08,32.37,normal
ave,unico,adulto,32.04,60.45,94.81,normal
cao,pequeno,adulto,11.76,41.96,18.4,critico
cao,pequeno,adulto,19.38,30.76,79.93,atencao
gato,unico,adulto,33.06,56.29,52.32,normal
cao,medio,adulto,20.67,66.8,17.05,atencao
gato,unico,idoso,21.4,19.85,53.95,critico
ave,unico,idoso,38.5,44.54,74.96,atencao
cao,grande,adulto,29.33,50.23,22.26,atencao
gato,unico,filhote,31.3,53.93,6.03,atencao
gato,unico,idoso,29.32,47.21,12.54,atencao
gato,unico,adulto,29.09,44.01,92.95,normal
cao,grande,filhote,22.83,55.83,29.72,normal
cao,pequeno,adulto,33.87,34.5,32.12,normal
ave,unico,idoso,30.01,53.74,53.78,normal
cao,medio,filhote,28.59,48.06,31.82,normal
ave,unico,adulto,29.48,68.37,79.83,normal
gato,unico,adulto,30.15,57.92,8.11,atencao
ave,unico,adulto,26.4,49.54,89.07,normal
gato,unico,adulto,14.24,41.93,65.88,critico
cao,pequeno,idoso,27.54,34.76,95.92,normal
cao,medio,filhote,27.85,44.05,40.57,normal
gato,unico,adulto,24.74,30.82,45.9,normal
cao,grande,adulto,27.97,64.87,76.55,normal
gato,unico,adulto,21.56,35.91,51.39,normal
cao,medio,adulto,22.94,83.09,41.17,atencao
ave,unico,idoso,27.05,56.99,71.42,normal
cao,grande,adulto,32.44,13.67,33.29,critico
cao,pequeno,idoso,32.12,61.53,75.51,normal
cao,grande,adulto,27.53,58.86,25.44,normal
cao,pequeno,adulto,28.89,63.9,51.77,normal
gato,unico,filhote,18.47,40.73,31.76,atencao
ave,unico,idoso,33.99,60.76,79.03,normal
cao,grande,idoso,36.74,71.96,51.53,critico
gato,unico,adulto,26.47,71.72,41.72,atencao
gato,unico,filhote,30.69,19.57,82.01,critico
gato,unico,adulto,33.03,39.83,64.04,normal
gato,unico,adulto,23.84,62.96,15.45,normal
cao,pequeno,filhote,15.74,62.75,31.29,critico
gato,unico,adulto,27.87,38.57,43.98,normal
gato,unico,adulto,38.32,50.78,53.3,critico
ave,unico,idoso,45.27,65.69,88.45,critico
gato,unico,adulto,27.44,37.47,51.17,normal
gato,unico,filhote,27.59,56.07,67.69,normal
cao,pequeno,filhote,26.15,25.73,68.54,atencao
gato,unico,adulto,24.6,58.82,69.72,normal
gato,unico,adulto,24.66,60.19,70.14,normal
cao,medio,adulto,29.56,52.14,0.11,critico
gato,unico,adulto,29.75,82.54,73.5,atencao
cao,grande,adulto,27.69,11.26,40.28,critico
gato,unico,adulto,24.77,49.06,40.17,normal
cao,medio,adulto,27.72,36.61,98.33,normal
gato,unico,idoso,22.33,64.69,92.88,normal
ave,unico,adulto,21.25,64.14,90.39,atencao
cao,medio,adulto,28.39,51.29,55.17,atencao
ave,unico,adulto,17.49,60.28,53.63,critico
gato,unico,adulto,25.14,33.36,19.44,normal
ave,unico,adulto,28.55,42.6,41.75,normal
gato,unico,adulto,31.38,31.55,71.01,normal
ave,unico,adulto,28.82,70.5,66.52,normal
cao,medio,idoso,25.02,50.6,18.51,atencao
cao,medio,adulto,28.46,34.58,99.77,normal
cao,pequeno,idoso,26.55,70.59,46.65,atencao
ave,unico,adulto,32.84,40.76,68.84,normal
cao,medio,idoso,26.12,52.62,78.99,normal
cao,pequeno,adulto,29.51,69.39,12.07,atencao
cao,pequeno,adulto,26.45,46.99,16.26,atencao
cao,grande,idoso,29.59,49.65,65.94,normal
gato,unico,idoso,26.2,66.72,94.03,normal
cao,pequeno,idoso,25.05,36.79,88.69,normal
gato,unico,adulto,33.96,41.7,8.58,atencao
cao,medio,idoso,34.46,40.48,43.61,atencao
cao,grande,adulto,33.84,64.11,83.12,normal
cao,medio,adulto,25.89,50.18,4.64,critico
cao,pequeno,filhote,24.36,50.17,31.56,normal
cao,medio,adulto,21.98,65.46,81.38,normal
gato,unico,filhote,26.08,50.58,48.12,normal
gato,unico,idoso,29.87,59.66,80.51,normal
gato,unico,adulto,30.12,38.18,43.73,normal
gato,unico,filhote,34.98,58.42,53.97,atencao
cao,medio,adulto,31.0,20.99,98.49,atencao
gato,unico,adulto,23.16,20.68,17.95,atencao
gato,unico,adulto,21.43,54.06,89.27,normal
gato,unico,idoso,22.48,70.68,24.75,atencao
cao,pequeno,filhote,19.08,59.23,66.31,atencao
ave,unico,adulto,27.21,44.37,47.24,normal
cao,medio,adulto,25.26,67.22,84.98,normal
cao,grande,filhote,26.64,49.76,48.16,normal
ave,unico,filhote,34.43,79.26,68.3,atencao
ave,unico,adulto,29.56,56.65,74.18,normal
cao,medio,adulto,34.79,67.51,89.66,normal
ave,unico,adulto,37.45,56.37,77.73,normal
gato,unico,filhote,16.6,63.36,76.87,critico
ave,unico,adulto,33.19,64.12,96.04,normal
ave,unico,adulto,21.22,66.11,68.85,normal
gato,unico,adulto,23.76,61.06,61.94,atencao
cao,medio,adulto,29.91,42.92,61.1,normal
cao,pequeno,filhote,29.0,73.81,71.48,atencao
cao,medio,adulto,20.47,36.81,72.47,normal
gato,unico,adulto,25.88,50.33,20.35,normal
ave,unico,adulto,40.63,59.02,67.31,atencao
gato,unico,adulto,21.89,49.84,29.37,normal
cao,pequeno,idoso,22.73,64.71,72.11,normal
gato,unico,adulto,16.2,52.28,24.2,atencao
cao,medio,adulto,34.0,43.34,41.42,normal
ave,unico,adulto,31.95,49.69,69.77,normal
gato,unico,adulto,24.88,35.28,7.66,atencao
gato,unico,filhote,26.27,34.03,14.95,atencao
ave,unico,adulto,33.71,61.05,28.19,atencao
cao,pequeno,filhote,28.65,64.78,30.02,normal
cao,medio,adulto,20.72,37.66,37.55,normal
gato,unico,adulto,22.54,56.88,54.06,normal
cao,pequeno,adulto,34.88,39.08,48.31,normal
cao,medio,idoso,33.67,84.27,30.52,critico
ave,unico,filhote,37.16,66.72,90.42,normal
ave,unico,adulto,26.31,92.69,44.95,critico
gato,unico,adulto,27.08,84.18,52.65,atencao
cao,medio,idoso,28.77,49.2,95.26,normal
cao,medio,adulto,21.14,50.04,76.52,normal
gato,unico,idoso,30.47,70.08,63.34,atencao
cao,pequeno,idoso,31.28,33.13,73.98,normal
cao,medio,idoso,28.73,43.82,6.28,critico
ave,unico,adulto,28.46,67.65,76.24,normal
ave,unico,filhote,32.39,54.3,58.32,normal
cao,grande,filhote,31.61,48.35,64.81,normal
cao,grande,adulto,27.81,47.93,44.21,normal
cao,grande,adulto,21.81,33.94,81.81,normal
cao,pequeno,idoso,23.97,34.89,85.71,normal
ave,unico,idoso,38.0,45.62,70.37,atencao
ave,unico,filhote,34.26,72.56,90.65,atencao
ave,unico,adulto,32.19,44.87,23.55,atencao
cao,pequeno,adulto,26.72,37.55,45.14,normal
ave,unico,idoso,32.41,67.4,64.81,normal
cao,medio,idoso,30.27,62.81,44.68,normal
ave,unico,filhote,35.66,65.16,62.17,normal
gato,unico,adulto,33.85,40.5,36.66,normal
cao,grande,adulto,31.58,47.39,49.81,normal
ave,unico,filhote,28.18,65.39,87.43,normal
gato,unico,filhote,33.66,37.96,41.46,atencao
gato,unico,idoso,24.74,50.74,72.31,normal
cao,pequeno,adulto,25.72,58.78,50.21,normal
gato,unico,adulto,24.06,51.65,17.02,normal
gato,unico,filhote,22.0,47.21,95.3,normal
gato,unico,adulto,36.45,89.23,77.25,critico
cao,pequeno,filhote,28.91,72.96,73.63,atencao
cao,grande,idoso,31.26,27.25,67.41,atencao
cao,grande,adulto,28.48,67.95,92.67,normal
cao,pequeno,filhote,32.29,60.25,96.01,normal
gato,unico,idoso,22.22,42.01,2.91,critico
ave,unico,filhote,36.12,57.65,85.18,normal
gato,unico,adulto,21.95,40.1,77.2,normal
gato,unico,adulto,16.99,40.75,1.74,critico
ave,unico,adulto,34.98,59.43,93.77,normal
ave,unico,idoso,33.22,57.29,87.4,normal
gato,unico,adulto,33.27,44.23,36.24,normal
ave,unico,adulto,33.63,57.46,34.84,atencao
cao,grande,adulto,26.94,32.97,9.77,critico
ave,unico,filhote,36.09,47.93,39.49,atencao
ave,unico,adulto,29.77,53.2,93.92,normal
gato,unico,filhote,27.36,37.68,48.04,normal
cao,medio,adulto,30.83,84.64,48.3,atencao
gato,unico,adulto,26.45,56.96,61.03,normal
cao,grande,idoso,31.88,58.9,33.53,normal
gato,unico,adulto,18.02,65.19,42.6,atencao
ave,unico,filhote,40.13,45.97,61.63,atencao
cao,grande,adulto,33.15,38.07,30.87,normal
cao,pequeno,idoso,31.17,61.41,40.89,normal
cao,pequeno,adulto,32.82,57.47,17.8,atencao
cao,grande,filhote,31.71,47.25,43.11,normal
cao,medio,adulto,24.27,50.21,64.85,normal
cao,grande,adulto,32.08,61.65,68.6,normal
cao,medio,idoso,31.08,78.0,35.05,critico
cao,grande,idoso,31.04,23.4,78.49,atencao
cao,medio,filhote,41.04,34.93,31.49,critico
cao,grande,adulto,22.67,69.46,78.63,normal
cao,medio,adulto,17.67,65.06,93.44,atencao
cao,pequeno,adulto,23.99,48.49,66.19,normal
ave,unico,adulto,38.29,74.95,50.3,normal
gato,unico,idoso,29.7,45.85,0.05,critico
ave,unico,idoso,26.16,56.33,69.9,normal
cao,medio,adulto,20.34,57.48,47.05,normal
cao,grande,idoso,28.26,24.23,30.3,normal
cao,pequeno,adulto,21.44,41.88,10.81,atencao
cao,grande,adulto,17.54,36.3,75.32,atencao
ave,unico,filhote,35.02,76.27,93.92,atencao
cao,grande,adulto,17.99,40.58,64.57,atencao
cao,grande,adulto,27.76,66.97,18.24,atencao
cao,medio,idoso,28.56,46.66,11.26,critico
gato,unico,adulto,30.88,13.12,62.49,critico
gato,unico,adulto,20.83,40.93,93.6,normal
cao,pequeno,adulto,25.31,56.47,99.96,normal
cao,grande,adulto,23.95,53.04,77.23,normal
ave,unico,filhote,28.01,81.49,51.25,atencao
gato,unico,adulto,21.46,71.04,97.63,atencao
cao,pequeno,adulto,20.21,54.05,67.2,normal
ave,unico,adulto,26.89,45.28,86.52,normal
cao,medio,adulto,33.31,41.32,57.85,normal
cao,pequeno,idoso,25.65,23.52,56.25,atencao
ave,unico,adulto,37.2,63.21,57.21,normal
cao,grande,adulto,30.26,30.79,80.17,normal
gato,unico,adulto,26.82,73.88,75.82,atencao
cao,medio,idoso,30.33,26.78,54.83,atencao
gato,unico,adulto,26.51,57.6,90.14,normal
gato,unico,filhote,23.51,64.22,84.78,normal
cao,grande,adulto,34.68,10.39,15.6,critico
cao,medio,adulto,30.33,56.84,37.01,normal
gato,unico,adulto,20.11,60.12,24.04,normal
gato,unico,adulto,21.15,30.11,51.77,normal
cao,pequeno,adulto,27.55,55.51,47.2,normal
ave,unico,adulto,34.95,45.93,89.08,normal
ave,unico,idoso,32.85,60.0,53.52,normal
gato,unico,adulto,21.04,48.59,67.33,normal
ave,unico,adulto,26.33,73.27,98.73,normal
cao,grande,filhote,28.08,65.3,42.08,normal
ave,unico,idoso,39.5,51.2,50.61,normal
ave,unico,adulto,32.62,58.63,39.93,normal
ave,unico,adulto,34.78,61.83,22.84,atencao
cao,grande,adulto,27.04,58.81,64.71,normal
ave,unico,adulto,30.54,51.28,74.68,normal
cao,pequeno,idoso,33.1,23.88,55.06,atencao
gato,unico,filhote,26.58,66.28,31.84,normal
gato,unico,filhote,25.3,57.8,97.03,normal
cao,medio,adulto,22.34,39.1,41.93,normal
ave,unico,adulto,25.29,61.14,78.6,normal
ave,unico,filhote,33.22,44.75,45.25,normal
ave,unico,filhote,28.55,51.26,87.44,normal
cao,grande,adulto,22.39,31.76,15.91,atencao
gato,unico,adulto,25.83,77.05,96.13,atencao
ave,unico,filhote,27.43,70.78,84.32,normal
gato,unico,idoso,28.64,54.94,85.73,normal
gato,unico,idoso,22.32,50.16,75.05,normal
cao,medio,idoso,28.61,61.31,34.51,normal
gato,unico,adulto,29.67,51.36,47.23,normal
ave,unico,filhote,30.1,61.09,93.59,normal
cao,medio,adulto,27.44,62.99,55.16,normal
cao,medio,filhote,22.43,35.09,2.28,critico
gato,unico,adulto,25.32,43.49,76.02,normal
cao,pequeno,idoso,30.6,34.73,45.02,normal
cao,medio,adulto,24.11,51.9,35.84,normal
cao,grande,adulto,22.01,67.75,85.32,atencao
ave,unico,filhote,39.25,56.16,86.3,atencao
gato,unico,adulto,29.24,71.92,77.81,atencao
cao,grande,adulto,25.95,40.52,53.16,normal
cao,pequeno,idoso,27.47,44.67,46.49,normal
gato,unico,adulto,25.58,30.77,80.66,normal
cao,grande,filhote,23.3,73.25,54.7,normal
gato,unico,adulto,31.59,30.9,35.73,normal
gato,unico,filhote,22.87,75.92,37.93,atencao
gato,unico,filhote,34.1,66.05,87.67,atencao
gato,unico,adulto,29.89,41.62,29.04,normal
gato,unico,filhote,32.02,72.64,23.54,normal
gato,unico,adulto,25.46,59.66,47.85,normal
ave,unico,adulto,29.62,60.84,91.69,normal
cao,medio,idoso,21.1,65.52,88.95,atencao
gato,unico,filhote,29.24,43.03,92.87,normal
gato,unico,filhote,24.33,32.19,19.17,atencao
cao,grande,adulto,26.57,30.87,61.27,normal
gato,unico,filhote,27.01,43.94,28.53,normal
cao,grande,filhote,34.29,47.16,88.21,atencao
gato,unico,filhote,19.31,39.82,41.31,atencao
cao,grande,adulto,22.43,39.97,41.87,normal
cao,pequeno,adulto,27.79,52.51,24.17,atencao
cao,medio,adulto,22.93,83.96,45.28,atencao
cao,pequeno,filhote,26.23,62.59,5.36,critico
cao,grande,adulto,29.0,34.72,29.22,normal
cao,pequeno,filhote,37.52,57.01,84.66,critico
cao,pequeno,filhote,26.93,56.73,56.8,normal
cao,pequeno,adulto,22.4,45.93,68.5,normal
gato,unico,adulto,33.27,32.75,58.13,normal
ave,unico,adulto,29.6,57.79,36.56,normal
ave,unico,adulto,29.38,68.7,28.31,critico
gato,unico,adulto,26.31,76.19,1.28,critico
gato,unico,filhote,21.17,79.33,53.77,atencao
gato,unico,idoso,25.73,61.78,52.8,normal
gato,unico,adulto,27.73,39.24,78.2,normal
gato,unico,filhote,18.5,40.03,34.09,atencao
cao,pequeno,adulto,27.6,56.88,93.37,normal
gato,unico,adulto,27.03,68.63,95.04,normal
gato,unico,adulto,32.11,50.0,26.98,normal
gato,unico,adulto,23.05,18.87,34.25,atencao
gato,unico,idoso,26.77,49.96,35.36,normal
cao,medio,adulto,24.08,36.79,78.88,normal
cao,grande,idoso,30.94,48.72,79.82,normal
gato,unico,adulto,30.3,35.53,14.66,atencao
cao,pequeno,filhote,31.59,39.95,42.55,normal
ave,unico,adulto,40.37,49.39,18.42,critico
gato,unico,adulto,24.39,63.55,51.43,normal
cao,pequeno,adulto,30.9,50.4,71.65,normal
gato,unico,adulto,25.53,10.05,17.8,critico
cao,grande,adulto,40.59,63.27,74.45,critico
gato,unico,adulto,24.89,56.81,69.61,normal
cao,grande,idoso,20.84,44.74,36.93,atencao
gato,unico,adulto,18.9,53.01,98.75,atencao
cao,medio,adulto,23.71,33.19,30.24,normal
gato,unico,adulto,28.96,67.57,0.01,critico
cao,medio,adulto,30.89,56.28,79.92,normal
cao,grande,adulto,16.07,55.36,82.07,atencao
cao,medio,filhote,33.7,39.13,83.48,normal
ave,unico,adulto,29.74,46.15,62.39,normal
cao,medio,idoso,31.25,48.8,67.35,normal
gato,unico,idoso,32.89,46.57,68.33,normal
gato,unico,idoso,25.4,46.35,4.09,critico
cao,grande,idoso,33.08,51.44,83.65,normal
gato,unico,adulto,21.25,38.45,10.02,atencao
cao,grande,adulto,20.3,40.11,63.81,normal
ave,unico,adulto,39.11,57.08,81.28,atencao
cao,pequeno,adulto,33.03,67.36,49.56,normal
ave,unico,filhote,27.67,49.67,86.83,normal
cao,medio,adulto,34.57,48.66,47.9,normal
ave,unico,filhote,31.16,51.69,56.26,normal
cao,medio,adulto,19.93,51.34,33.48,atencao
cao,pequeno,adulto,32.42,40.07,21.66,atencao
ave,unico,adulto,38.4,64.39,73.74,normal
gato,unico,idoso,26.53,70.5,71.06,atencao
cao,medio,filhote,30.32,18.64,43.42,critico
cao,pequeno,adulto,27.41,61.67,60.68,normal
gato,unico,idoso,27.44,59.22,72.1,normal
ave,unico,adulto,39.75,65.16,74.24,atencao
gato,unico,adulto,32.83,70.22,90.65,atencao
cao,grande,adulto,23.67,59.19,85.83,normal
ave,unico,adulto,18.94,54.31,32.35,critico
cao,pequeno,adulto,30.21,61.6,86.14,normal
ave,unico,idoso,23.36,60.21,70.81,atencao
cao,pequeno,idoso,29.36,73.73,81.36,atencao
cao,medio,idoso,31.82,65.29,90.78,normal
cao,grande,adulto,27.25,43.44,36.59,normal
gato,unico,idoso,25.81,45.46,63.73,normal
ave,unico,adulto,34.32,74.24,17.28,critico
cao,grande,adulto,29.66,43.4,10.52,atencao
ave,unico,adulto,29.03,66.9,23.08,atencao
gato,unico,adulto,29.97,53.19,29.61,normal
cao,grande,idoso,24.46,20.99,18.33,atencao
ave,unico,filhote,24.92,87.24,74.46,critico
gato,unico,adulto,25.12,67.45,19.67,normal
ave,unico,filhote,34.06,69.14,88.46,normal
cao,grande,adulto,22.76,41.84,78.78,normal
gato,unico,idoso,22.05,60.6,76.85,normal
ave,unico,adulto,35.21,43.51,81.65,normal
gato,unico,filhote,29.14,61.25,21.07,normal
cao,grande,adulto,20.35,22.1,55.84,atencao
gato,unico,idoso,32.12,81.71,87.23,atencao
gato,unico,adulto,20.0,87.9,46.46,critico
cao,pequeno,filhote,21.36,37.34,82.65,normal
cao,medio,idoso,27.14,38.09,48.04,normal
cao,pequeno,adulto,35.64,31.18,57.55,atencao
ave,unico,filhote,29.36,68.5,76.76,normal
ave,unico,idoso,24.51,49.6,75.23,atencao
cao,medio,adulto,29.71,27.53,92.01,atencao
cao,medio,adulto,32.35,34.12,42.06,normal
ave,unico,adulto,24.76,53.51,86.15,atencao
gato,unico,idoso,28.43,78.15,79.35,atencao
cao,medio,idoso,33.09,34.83,30.27,normal
cao,pequeno,adulto,29.92,41.57,44.01,normal
gato,unico,adulto,24.63,40.79,58.47,normal
cao,medio,adulto,26.6,50.5,75.45,normal
gato,unico,idoso,25.66,41.54,31.33,normal
cao,pequeno,adulto,25.24,59.67,81.75,normal
cao,pequeno,adulto,30.0,39.36,69.11,normal
cao,pequeno,idoso,28.4,49.47,68.23,normal
cao,medio,idoso,27.4,83.44,71.74,critico
cao,grande,adulto,22.66,85.68,30.0,critico
cao,grande,idoso,33.57,65.54,12.83,atencao
cao,medio,filhote,26.78,39.33,63.67,normal
gato,unico,idoso,30.93,28.1,27.88,atencao
gato,unico,adulto,35.81,42.48,92.34,atencao
ave,unico,adulto,23.04,29.87,54.07,atencao
cao,grande,filhote,21.55,60.74,61.2,normal
cao,medio,adulto,24.88,48.84,86.41,normal
cao,grande,adulto,21.87,17.21,78.11,atencao
cao,grande,adulto,26.53,40.01,76.52,normal
ave,unico,filhote,34.89,74.62,76.9,atencao
cao,grande,filhote,27.2,24.29,95.72,atencao
cao,medio,filhote,25.82,34.83,83.27,normal
ave,unico,adulto,34.85,60.93,66.84,normal
gato,unico,filhote,21.43,20.43,18.22,atencao
cao,grande,adulto,23.6,34.03,44.52,normal
gato,unico,adulto,22.48,31.14,92.29,normal
cao,grande,filhote,21.23,58.03,40.15,normal
cao,pequeno,adulto,33.68,23.69,40.17,atencao
cao,medio,filhote,24.57,50.16,98.28,normal
gato,unico,adulto,28.63,67.45,96.55,normal
gato,unico,adulto,22.91,42.45,80.45,normal
cao,medio,filhote,32.18,84.36,39.35,critico
cao,pequeno,adulto,23.37,52.33,82.31,normal
cao,pequeno,filhote,29.02,40.89,29.48,normal
gato,unico,adulto,30.6,69.41,13.1,atencao
gato,unico,adulto,36.1,21.15,10.25,normal
cao,medio,adulto,36.02,37.51,86.59,atencao
cao,pequeno,adulto,33.72,51.48,20.92,atencao
cao,grande,adulto,21.82,54.34,77.71,normal
cao,pequeno,adulto,26.79,39.73,90.8,atencao
ave,unico,adulto,35.4,71.5,32.28,atencao
gato,unico,adulto,33.87,37.69,22.37,normal
gato,unico,adulto,41.91,40.97,32.23,critico
cao,grande,adulto,26.63,32.27,98.39,normal
cao,medio,adulto,28.83,52.28,74.18,normal
cao,pequeno,adulto,27.46,76.24,26.27,atencao
cao,medio,filhote,29.01,35.15,37.03,normal
gato,unico,adulto,29.1,42.5,44.58,normal
ave,unico,adulto,31.82,74.25,97.75,normal
cao,medio,idoso,26.43,42.03,50.77,normal
gato,unico,idoso,24.25,79.39,68.5,atencao
gato,unico,adulto,33.74,18.17,56.01,atencao
ave,unico,idoso,30.11,58.74,80.89,normal
cao,pequeno,idoso,29.2,48.72,68.66,normal
gato,unico,adulto,23.99,30.97,68.13,normal
gato,unico,adulto,23.54,56.76,78.5,normal
gato,unico,idoso,31.95,65.58,18.51,normal
cao,medio,adulto,34.86,57.32,73.26,normal
gato,unico,adulto,20.21,27.32,9.93,atencao
gato,unico,adulto,31.85,54.03,72.96,normal
gato,unico,idoso,32.87,40.9,69.03,normal
cao,pequeno,idoso,26.99,34.34,30.43,normal
cao,pequeno,adulto,21.79,55.96,67.54,normal
ave,unico,adulto,32.75,79.32,33.73,atencao
gato,unico,adulto,32.15,44.81,5.71,atencao
cao,medio,adulto,37.35,50.77,89.35,critico
ave,unico,adulto,30.48,71.1,50.61,normal
gato,unico,adulto,23.92,32.12,82.62,normal
cao,grande,adulto,26.26,39.16,42.38,normal
cao,medio,idoso,32.62,61.35,68.48,normal
ave,unico,filhote,33.38,87.18,71.69,critico
cao,medio,adulto,20.5,56.98,55.35,normal
gato,unico,filhote,26.35,62.7,55.68,normal
cao,medio,idoso,34.23,50.45,46.52,atencao
cao,medio,adulto,22.76,32.59,82.2,normal
cao,grande,filhote,26.57,54.31,9.04,critico
cao,pequeno,adulto,30.19,23.08,43.78,atencao
cao,pequeno,idoso,32.49,44.32,39.83,normal
gato,unico,adulto,21.35,30.54,50.94,normal
gato,unico,idoso,23.28,33.74,60.47,atencao
gato,unico,adulto,29.52,33.43,54.18,normal
ave,unico,idoso,34.9,71.95,80.42,normal
cao,pequeno,adulto,23.67,58.66,69.84,normal
gato,unico,adulto,34.92,42.86,28.57,atencao
gato,unico,adulto,22.87,61.54,29.21,normal
cao,medio,idoso,21.49,54.4,98.3,normal
ave,unico,adulto,29.64,44.15,72.08,normal
cao,medio,filhote,32.68,59.66,73.35,atencao
cao,pequeno,filhote,25.14,51.42,35.85,normal
ave,unico,adulto,34.51,65.38,97.73,atencao
gato,unico,adulto,19.34,12.73,75.08,critico
gato,unico,adulto,18.04,46.63,47.27,atencao
gato,unico,adulto,25.36,82.91,55.27,atencao
cao,grande,adulto,31.99,53.22,82.98,normal
cao,grande,idoso,34.94,33.58,55.17,atencao
ave,unico,adulto,28.83,32.13,13.18,critico
cao,grande,filhote,24.53,65.88,40.71,normal
cao,pequeno,idoso,31.16,66.46,30.82,normal
ave,unico,adulto,39.97,72.41,86.55,atencao
cao,pequeno,adulto,33.84,56.65,42.67,normal
gato,unico,adulto,32.52,37.37,33.11,normal
gato,unico,idoso,24.28,43.34,60.02,normal
ave,unico,filhote,34.54,70.18,46.38,normal
ave,unico,adulto,38.36,72.25,38.51,normal
cao,pequeno,filhote,25.72,60.65,72.58,normal
cao,grande,adulto,31.69,58.76,62.26,normal
gato,unico,adulto,20.58,53.37,5.49,critico
cao,medio,filhote,28.82,60.21,70.71,normal
gato,unico,adulto,33.96,48.23,78.65,normal
gato,unico,idoso,28.99,66.71,76.38,normal
ave,unico,adulto,39.3,61.67,44.34,atencao
gato,unico,adulto,27.31,30.29,41.91,normal
cao,medio,idoso,29.76,49.46,11.55,critico
gato,unico,adulto,32.24,44.36,18.87,normal
cao,grande,idoso,31.91,83.78,49.12,critico
cao,grande,adulto,25.52,73.88,79.32,atencao
cao,pequeno,adulto,33.62,39.43,93.12,normal
gato,unico,filhote,34.01,43.12,92.81,atencao
cao,pequeno,idoso,23.58,46.24,95.79,normal
cao,grande,adulto,26.41,52.19,31.03,normal
cao,medio,adulto,31.85,46.91,85.04,normal
cao,grande,filhote,36.31,33.97,43.51,atencao
gato,unico,idoso,23.93,83.81,42.41,critico
ave,unico,filhote,32.6,51.26,77.26,normal
cao,grande,filhote,25.64,44.34,32.09,normal
cao,medio,idoso,23.0,64.18,99.88,normal
cao,grande,adulto,31.71,41.47,16.04,atencao
gato,unico,adulto,30.35,68.74,53.72,normal
cao,grande,adulto,32.44,69.0,90.51,normal
ave,unico,adulto,28.18,82.81,66.69,atencao
cao,medio,adulto,28.67,57.57,33.02,normal
cao,medio,filhote,31.59,47.81,34.52,normal
ave,unico,filhote,35.41,53.84,47.08,normal
gato,unico,adulto,36.22,53.98,19.89,atencao
ave,unico,adulto,24.34,40.07,59.72,atencao
gato,unico,filhote,30.79,45.45,67.19,normal
cao,grande,filhote,28.86,45.41,27.73,atencao
cao,medio,filhote,27.54,48.8,99.82,normal
cao,medio,adulto,27.4,37.14,63.48,normal
gato,unico,adulto,31.4,61.07,82.03,normal
cao,medio,idoso,30.15,72.54,17.88,atencao
gato,unico,adulto,20.27,63.01,27.13,normal
ave,unico,filhote,29.73,59.56,55.65,atencao
cao,medio,adulto,27.46,62.37,17.06,atencao
cao,grande,adulto,34.23,81.18,62.9,atencao
ave,unico,filhote,39.03,61.25,58.05,atencao
gato,unico,adulto,34.84,36.35,31.63,atencao
gato,unico,adulto,33.62,36.12,37.89,normal
ave,unico,adulto,33.27,61.36,45.01,normal
cao,grande,idoso,31.24,59.7,46.16,normal
ave,unico,adulto,29.04,72.83,18.26,critico
cao,pequeno,filhote,30.02,35.8,58.94,normal
gato,unico,filhote,19.08,42.34,57.16,atencao
gato,unico,adulto,30.44,38.21,39.9,normal
cao,medio,adulto,25.19,59.87,88.52,normal
gato,unico,adulto,25.27,41.86,90.6,normal
ave,unico,adulto,38.99,63.46,99.35,normal
gato,unico,adulto,29.24,59.34,48.04,normal
ave,unico,adulto,31.06,45.04,88.48,normal
ave,unico,idoso,37.13,61.17,61.39,normal
ave,unico,adulto,27.16,49.28,51.6,normal
gato,unico,adulto,28.59,67.8,19.1,normal
cao,grande,filhote,35.73,65.38,88.35,normal
gato,unico,idoso,31.79,60.69,55.46,normal
ave,unico,adulto,20.72,60.35,45.93,atencao
ave,unico,adulto,30.94,56.13,36.33,normal
gato,unico,adulto,20.24,50.81,74.16,normal
ave,unico,adulto,38.19,46.27,41.71,normal
cao,pequeno,adulto,20.78,47.44,71.74,normal
cao,pequeno,adulto,32.61,57.31,40.63,normal
ave,unico,adulto,31.46,71.86,56.24,normal
ave,unico,adulto,22.44,93.67,83.6,critico
cao,grande,filhote,24.34,47.1,35.22,normal
gato,unico,adulto,28.49,34.15,13.36,atencao
cao,medio,adulto,32.22,51.34,35.59,normal
gato,unico,filhote,21.35,60.09,67.07,normal
gato,unico,filhote,29.51,43.33,59.6,normal
gato,unico,adulto,30.46,48.5,66.12,normal
ave,unico,adulto,36.06,47.53,39.29,normal
gato,unico,filhote,27.38,35.11,80.78,normal
cao,grande,adulto,30.79,65.27,72.97,normal
ave,unico,filhote,26.85,50.16,88.7,normal
cao,grande,idoso,23.26,56.75,84.49,normal
ave,unico,idoso,29.98,37.78,73.19,atencao
cao,grande,adulto,31.1,58.24,65.06,normal
cao,grande,filhote,29.78,62.7,59.93,normal
ave,unico,idoso,30.96,65.36,75.44,normal
gato,unico,adulto,20.99,65.68,5.31,atencao
gato,unico,idoso,29.96,58.8,96.14,normal
gato,unico,adulto,20.76,53.87,51.37,normal
gato,unico,filhote,16.81,65.63,66.41,atencao
gato,unico,adulto,31.47,63.01,0.33,critico
gato,unico,adulto,18.84,66.21,49.81,atencao
cao,medio,idoso,33.28,62.42,50.34,normal
gato,unico,adulto,16.91,51.74,54.78,atencao
cao,medio,adulto,21.91,55.98,11.1,atencao
gato,unico,adulto,25.29,58.4,0.1,critico
ave,unico,idoso,32.83,52.58,41.7,normal
cao,grande,adulto,22.86,67.64,64.09,normal
cao,pequeno,adulto,34.96,50.99,65.8,normal
ave,unico,idoso,30.71,51.85,55.97,normal
cao,grande,adulto,25.15,48.39,12.88,atencao
gato,unico,filhote,23.73,42.23,54.64,normal
cao,medio,adulto,29.79,64.25,46.53,normal
cao,medio,adulto,22.76,89.95,60.42,critico
gato,unico,adulto,27.75,22.16,6.61,atencao
cao,grande,adulto,24.82,39.0,90.84,normal
cao,medio,filhote,27.27,52.15,71.32,normal
gato,unico,adulto,28.95,49.82,16.52,normal
ave,unico,adulto,29.69,46.44,79.21,normal
cao,medio,idoso,21.85,52.17,44.28,normal
cao,pequeno,adulto,34.23,28.67,55.28,atencao
ave,unico,idoso,28.52,61.93,22.24,critico
gato,unico,adulto,30.48,64.75,60.61,normal
gato,unico,adulto,30.53,35.6,44.6,normal
cao,medio,adulto,25.84,50.45,23.94,atencao
cao,medio,idoso,32.27,84.42,64.53,critico
gato,unico,adulto,20.09,34.39,63.71,normal
gato,unico,idoso,21.33,28.58,86.67,atencao
cao,grande,idoso,27.82,40.08,66.45,normal
ave,unico,idoso,32.66,64.71,54.11,normal
cao,pequeno,idoso,25.82,45.38,97.14,normal
gato,unico,idoso,16.46,57.39,80.62,critico
ave,unico,adulto,27.35,88.41,65.89,atencao
gato,unico,idoso,34.3,42.89,74.26,atencao
cao,grande,idoso,27.12,48.6,98.85,normal
cao,grande,adulto,25.89,44.49,48.9,normal
cao,grande,adulto,33.42,49.87,70.0,normal
cao,pequeno,adulto,22.71,51.64,45.6,normal
gato,unico,idoso,19.2,49.0,21.6,atencao
ave,unico,idoso,36.55,55.85,75.82,normal
cao,medio,adulto,22.09,30.14,43.4,normal
cao,pequeno,adulto,30.57,21.93,44.23,atencao
ave,unico,adulto,35.19,42.57,49.48,normal
cao,pequeno,idoso,30.67,78.16,72.76,critico
ave,unico,adulto,27.63,49.98,65.94,normal
cao,medio,filhote,33.29,41.41,81.06,normal
cao,medio,adulto,10.52,45.51,41.96,critico
gato,unico,filhote,31.13,43.49,99.33,normal
ave,unico,adulto,25.54,44.49,49.6,normal
cao,pequeno,filhote,36.13,15.61,31.7,critico
cao,pequeno,adulto,31.17,35.33,11.99,atencao
ave,unico,adulto,25.31,41.74,52.14,normal
gato,unico,filhote,35.98,53.03,69.24,critico
gato,unico,adulto,27.53,56.49,24.88,normal
ave,unico,adulto,32.77,50.05,96.11,normal
ave,unico,adulto,35.67,74.04,20.56,atencao
gato,unico,idoso,40.25,52.67,47.77,critico
cao,medio,adulto,34.24,43.16,32.12,normal
cao,medio,adulto,37.66,57.75,54.6,atencao
cao,pequeno,idoso,25.87,48.5,41.91,atencao
cao,medio,adulto,29.51,44.57,88.93,normal
gato,unico,adulto,30.59,54.42,1.82,critico
cao,medio,filhote,23.8,59.39,63.75,normal
gato,unico,filhote,23.72,25.27,67.99,atencao
cao,medio,adulto,20.67,60.08,30.93,atencao
cao,medio,filhote,29.5,78.18,90.66,atencao
gato,unico,filhote,26.42,33.52,52.77,normal
ave,unico,filhote,38.77,88.38,50.24,critico
ave,unico,adulto,34.05,46.39,31.26,atencao
gato,unico,filhote,25.09,57.14,21.59,normal
cao,pequeno,adulto,26.12,58.2,42.02,normal
cao,pequeno,filhote,31.26,54.45,7.64,critico
ave,unico,adulto,29.95,56.89,73.83,normal
cao,medio,idoso,27.15,56.74,60.03,normal
ave,unico,idoso,28.46,48.99,41.52,normal
gato,unico,adulto,24.21,59.96,82.5,normal
cao,grande,adulto,23.04,68.36,62.68,normal
cao,pequeno,filhote,32.82,24.85,76.66,atencao
gato,unico,adulto,38.1,30.35,75.87,critico
ave,unico,adulto,29.82,31.5,59.5,atencao
cao,pequeno,adulto,30.61,56.87,39.71,normal
ave,unico,adulto,34.4,48.84,36.21,normal
gato,unico,idoso,29.37,54.92,51.48,normal
cao,medio,adulto,27.89,67.89,69.64,normal
gato,unico,adulto,29.21,32.56,29.11,normal
cao,grande,filhote,24.96,51.34,84.23,normal
cao,grande,adulto,24.82,44.26,44.21,normal
ave,unico,adulto,28.56,73.21,76.3,normal
gato,unico,adulto,22.18,18.03,51.53,atencao
gato,unico,adulto,26.92,76.12,24.07,atencao
cao,medio,filhote,31.54,55.28,65.21,normal
cao,pequeno,adulto,25.15,37.37,32.98,normal
ave,unico,adulto,38.57,46.99,38.89,normal
cao,medio,idoso,13.15,50.23,97.63,critico
ave,unico,adulto,33.05,71.15,77.31,normal
gato,unico,adulto,26.65,64.18,55.07,normal
cao,grande,idoso,32.2,42.91,14.04,atencao
cao,medio,adulto,32.83,53.5,91.68,normal
cao,grande,adulto,34.07,32.15,62.57,normal
cao,medio,adulto,25.62,55.03,84.52,normal
cao,grande,adulto,24.21,52.27,78.15,normal
gato,unico,idoso,22.65,60.68,67.56,normal
cao,pequeno,adulto,34.24,43.58,33.11,normal
gato,unico,filhote,27.08,35.92,97.49,normal
cao,pequeno,idoso,21.62,58.62,66.48,normal
cao,pequeno,adulto,25.53,32.63,19.33,atencao
gato,unico,idoso,28.01,42.55,92.61,normal
gato,unico,filhote,24.67,48.29,62.43,normal
gato,unico,adulto,21.4,67.29,46.84,normal
gato,unico,filhote,19.16,46.78,34.99,atencao
cao,medio,adulto,28.89,60.24,73.36,normal
ave,unico,idoso,28.84,64.39,56.29,normal
cao,pequeno,adulto,22.63,57.63,88.21,normal
gato,unico,idoso,26.78,51.07,42.58,normal
ave,unico,adulto,31.92,44.62,97.13,normal
ave,unico,idoso,35.57,62.5,72.83,normal
gato,unico,adulto,31.09,49.79,40.5,normal
cao,medio,idoso,23.17,55.02,95.02,normal
ave,unico,adulto,27.15,46.3,26.5,atencao
ave,unico,adulto,36.3,38.35,32.89,atencao
gato,unico,adulto,21.07,34.26,57.09,atencao
gato,unico,idoso,28.3,42.35,76.68,normal
cao,pequeno,adulto,28.92,42.99,26.9,normal
cao,grande,adulto,31.25,38.59,87.59,normal
ave,unico,adulto,30.88,60.2,91.74,normal
cao,grande,adulto,32.95,19.45,68.85,atencao
gato,unico,idoso,26.06,65.95,6.54,atencao
cao,grande,filhote,28.67,62.18,63.35,normal
ave,unico,filhote,24.44,86.74,98.0,critico
ave,unico,idoso,36.9,70.86,89.75,normal
gato,unico,adulto,14.65,38.9,99.97,critico
cao,grande,filhote,23.31,59.23,15.71,atencao
cao,grande,adulto,21.21,14.73,94.43,critico
cao,grande,adulto,22.44,46.31,87.33,normal
ave,unico,adulto,34.25,22.62,66.55,atencao
ave,unico,filhote,30.26,69.15,50.93,normal
cao,pequeno,idoso,23.03,52.61,8.34,critico
cao,pequeno,adulto,22.92,45.63,95.99,normal
gato,unico,filhote,23.98,55.72,78.6,normal
gato,unico,adulto,26.27,67.5,77.62,normal
gato,unico,adulto,26.41,73.79,79.5,atencao
cao,medio,adulto,28.42,42.01,55.02,atencao
ave,unico,adulto,21.07,41.32,37.8,atencao
ave,unico,filhote,36.4,62.81,80.03,normal
gato,unico,adulto,18.44,37.0,65.69,atencao
cao,pequeno,adulto,32.54,60.2,81.47,normal
gato,unico,adulto,16.29,52.56,60.31,atencao
cao,grande,idoso,22.88,53.1,51.63,atencao
cao,grande,filhote,21.79,22.04,90.8,atencao
gato,unico,adulto,29.46,69.75,22.83,normal
cao,pequeno,idoso,24.19,62.82,57.31,normal
cao,medio,filhote,27.07,62.26,66.25,normal
cao,pequeno,idoso,20.83,46.53,96.68,atencao
ave,unico,idoso,34.41,43.87,94.52,normal
gato,unico,adulto,26.78,48.41,63.15,normal
cao,grande,idoso,23.03,48.95,26.43,atencao
cao,pequeno,adulto,20.23,40.92,25.18,normal
gato,unico,adulto,12.09,33.43,5.94,critico
cao,grande,adulto,24.01,73.82,94.31,atencao
cao,medio,filhote,20.99,63.16,47.71,atencao
cao,grande,filhote,19.9,45.52,79.74,atencao
gato,unico,adulto,20.56,45.46,49.54,normal
cao,grande,adulto,22.5,30.92,35.0,normal
cao,grande,adulto,29.82,71.98,69.66,atencao
gato,unico,adulto,26.29,46.89,1.26,critico
cao,medio,filhote,25.87,36.68,47.17,normal
gato,unico,adulto,23.81,58.83,19.13,normal
cao,pequeno,filhote,29.43,40.53,35.19,normal
gato,unico,adulto,17.55,51.29,37.75,normal
cao,grande,idoso,32.75,45.52,12.57,atencao
gato,unico,adulto,24.2,70.2,61.56,atencao
gato,unico,adulto,30.41,27.29,99.67,atencao
gato,unico,adulto,24.61,45.26,67.53,normal
gato,unico,idoso,29.6,46.33,92.17,normal
gato,unico,filhote,27.71,76.8,74.36,atencao
ave,unico,filhote,34.88,64.48,68.86,normal
cao,grande,adulto,23.17,51.47,96.85,normal
cao,medio,filhote,28.63,29.57,99.25,atencao
ave,unico,idoso,38.13,43.99,61.94,atencao
cao,grande,adulto,34.54,10.52,84.2,critico
gato,unico,adulto,27.45,41.69,3.28,critico
ave,unico,filhote,33.69,48.86,24.07,atencao
ave,unico,adulto,31.07,27.59,88.02,atencao
cao,grande,idoso,26.27,64.81,96.46,normal
gato,unico,idoso,34.85,39.96,48.21,atencao
cao,medio,adulto,29.51,30.73,20.84,atencao
cao,pequeno,adulto,32.53,45.97,58.6,atencao
cao,grande,filhote,31.98,78.04,24.87,atencao
gato,unico,filhote,32.34,64.96,49.13,normal
ave,unico,filhote,23.12,69.4,81.66,normal
gato,unico,filhote,32.78,59.08,95.22,normal
cao,medio,filhote,17.74,35.87,73.18,atencao
gato,unico,filhote,22.8,38.44,18.82,normal
gato,unico,adulto,30.95,15.33,66.81,atencao
cao,pequeno,filhote,25.81,70.05,7.98,atencao
cao,medio,idoso,20.88,39.11,76.19,atencao
gato,unico,adulto,29.41,40.09,42.6,normal
cao,grande,adulto,32.52,60.47,49.68,normal
gato,unico,adulto,27.48,32.47,32.74,normal
gato,unico,adulto,26.8,76.25,67.91,critico
gato,unico,idoso,23.56,44.52,63.9,normal
cao,pequeno,filhote,28.69,45.66,49.18,normal
cao,grande,adulto,24.11,36.99,14.88,atencao
ave,unico,adulto,19.53,67.85,72.95,critico
gato,unico,adulto,29.4,69.61,22.71,normal
cao,pequeno,idoso,36.22,56.31,81.96,atencao
ave,unico,filhote,35.98,53.09,44.88,normal
ave,unico,adulto,33.72,46.6,71.99,normal
gato,unico,adulto,30.35,61.35,40.66,normal
gato,unico,adulto,27.17,54.84,13.19,atencao
gato,unico,idoso,30.11,66.59,0.05,critico
gato,unico,idoso,26.26,41.71,7.29,atencao
ave,unico,filhote,36.9,85.83,82.96,critico
gato,unico,filhote,28.92,34.5,86.54,normal
gato,unico,adulto,23.48,47.29,71.77,normal
gato,unico,idoso,26.16,48.0,23.05,normal
ave,unico,adulto,30.62,92.47,80.28,critico
cao,medio,idoso,24.58,43.09,88.85,normal
cao,grande,adulto,20.16,21.6,84.7,atencao
gato,unico,idoso,28.31,30.89,63.63,atencao
ave,unico,adulto,25.44,56.15,65.08,normal
cao,medio,adulto,36.39,41.18,42.32,atencao
cao,medio,adulto,33.11,36.84,56.94,atencao
gato,unico,idoso,23.28,59.29,11.46,atencao
cao,grande,filhote,25.6,71.42,22.28,atencao
cao,pequeno,adulto,34.56,69.32,68.47,normal
gato,unico,idoso,21.06,63.62,64.61,normal
cao,medio,filhote,18.48,63.46,16.61,atencao
cao,grande,adulto,24.1,42.1,70.92,normal
ave,unico,adulto,21.25,60.78,48.52,atencao
cao,grande,adulto,24.86,28.99,44.84,atencao
gato,unico,adulto,22.1,33.6,62.89,normal
cao,medio,filhote,22.58,37.72,50.59,normal
cao,pequeno,idoso,17.06,41.32,9.42,critico
gato,unico,adulto,20.97,35.89,74.01,normal
cao,pequeno,adulto,33.39,55.35,41.67,normal
cao,grande,adulto,20.8,54.61,28.55,normal
cao,pequeno,filhote,28.94,27.74,51.85,atencao
gato,unico,adulto,38.12,64.13,36.59,critico
gato,unico,adulto,24.29,63.37,41.25,normal
cao,medio,adulto,35.64,47.31,39.83,normal
gato,unico,idoso,27.58,36.95,6.15,atencao
gato,unico,idoso,21.66,65.44,29.36,normal
gato,unico,adulto,29.92,32.72,24.19,normal
cao,pequeno,filhote,27.61,48.81,96.58,normal
cao,pequeno,filhote,33.17,59.51,71.91,normal
cao,pequeno,adulto,26.82,44.25,9.47,atencao
gato,unico,adulto,28.44,53.16,7.32,atencao
cao,grande,idoso,21.72,65.14,51.56,normal
cao,grande,idoso,26.77,30.02,34.24,atencao
cao,medio,adulto,32.4,10.7,91.49,critico
cao,pequeno,adulto,30.95,36.59,67.44,normal
cao,grande,idoso,25.11,39.06,10.36,critico
cao,medio,idoso,26.27,46.55,41.4,normal
cao,pequeno,adulto,25.75,64.86,3.63,critico
gato,unico,filhote,32.37,25.83,87.03,atencao
cao,grande,adulto,28.95,58.98,1.85,critico
gato,unico,adulto,33.5,46.16,70.56,normal
cao,grande,adulto,38.67,34.42,9.22,critico
ave,unico,adulto,35.52,60.64,17.69,critico
cao,grande,adulto,26.43,60.34,52.89,normal
cao,grande,adulto,19.69,33.5,66.84,atencao
cao,medio,idoso,24.36,37.73,15.63,atencao
cao,medio,adulto,35.73,61.93,57.48,atencao
cao,medio,idoso,34.57,39.49,91.74,atencao
gato,unico,adulto,29.91,64.74,8.83,atencao
ave,unico,adulto,29.39,84.08,79.76,atencao
gato,unico,filhote,24.41,49.37,0.26,critico
cao,grande,adulto,32.26,69.6,55.52,normal
gato,unico,adulto,20.15,36.79,70.46,normal
cao,grande,idoso,28.93,59.79,16.25,atencao
cao,pequeno,adulto,13.67,40.77,58.65,critico
cao,medio,filhote,37.16,48.39,91.61,critico
gato,unico,adulto,37.27,63.9,68.51,atencao
gato,unico,adulto,17.91,50.24,48.88,atencao
cao,medio,idoso,22.65,68.27,87.49,atencao
ave,unico,filhote,34.09,45.24,81.36,normal
cao,medio,idoso,28.53,53.21,16.9,atencao
gato,unico,adulto,18.52,40.4,4.71,critico
gato,unico,adulto,27.42,63.25,46.03,normal
ave,unico,adulto,26.4,63.58,35.5,normal
cao,medio,adulto,27.13,37.71,72.05,normal
cao,pequeno,idoso,33.61,84.56,22.97,critico
gato,unico,idoso,31.6,47.49,45.01,normal
ave,unico,filhote,36.77,86.61,73.24,critico
ave,unico,adulto,28.13,34.5,71.02,atencao
gato,unico,adulto,29.87,46.7,79.44,normal
cao,pequeno,idoso,26.14,61.1,48.28,normal
cao,pequeno,adulto,15.12,45.98,24.79,atencao
cao,medio,filhote,22.41,47.41,51.09,normal
gato,unico,adulto,32.67,64.77,35.2,normal
ave,unico,adulto,26.14,61.95,56.86,normal
cao,grande,filhote,29.69,34.09,38.83,normal
cao,pequeno,filhote,29.88,40.22,89.95,normal
ave,unico,adulto,25.82,47.54,99.91,normal
gato,unico,adulto,26.06,18.34,49.61,atencao
gato,unico,adulto,33.83,61.34,10.75,atencao
cao,medio,adulto,21.73,46.71,44.73,normal
cao,grande,filhote,22.03,51.43,92.18,normal
gato,unico,adulto,29.46,39.99,63.75,normal
gato,unico,adulto,33.21,58.92,73.61,normal
cao,pequeno,adulto,17.08,61.48,65.95,atencao
cao,grande,adulto,28.21,32.13,54.89,normal
gato,unico,filhote,24.27,66.98,43.04,normal
cao,medio,adulto,33.27,57.05,50.57,atencao
ave,unico,idoso,32.52,67.63,93.14,normal
ave,unico,adulto,27.25,51.89,25.03,critico
gato,unico,idoso,21.55,53.34,88.04,normal
cao,grande,filhote,18.56,38.92,5.55,critico
cao,medio,idoso,31.38,60.2,95.47,normal
gato,unico,adulto,25.65,58.35,58.12,normal
gato,unico,adulto,31.26,58.5,8.68,atencao
cao,grande,adulto,25.05,14.19,66.66,critico
gato,unico,adulto,29.66,68.86,5.84,atencao
gato,unico,adulto,32.62,35.04,48.4,normal
gato,unico,filhote,31.18,63.81,59.35,normal
cao,grande,adulto,28.91,86.7,58.9,critico
cao,grande,adulto,21.53,77.22,58.8,atencao
cao,grande,idoso,26.53,67.55,38.01,atencao
ave,unico,adulto,37.11,59.82,30.68,atencao
ave,unico,adulto,19.06,63.77,74.45,critico
gato,unico,adulto,27.91,64.44,84.84,normal
gato,unico,adulto,21.71,63.94,2.07,critico
gato,unico,filhote,24.07,62.57,53.23,normal
cao,medio,adulto,32.13,20.16,69.54,atencao
gato,unico,adulto,22.63,65.52,83.71,normal
cao,pequeno,idoso,27.76,57.62,55.27,normal
cao,pequeno,adulto,20.55,66.17,34.58,normal
gato,unico,adulto,33.27,52.88,8.06,atencao
cao,medio,adulto,27.43,50.07,26.75,normal
cao,grande,filhote,25.66,58.16,65.42,normal
cao,medio,adulto,17.07,31.78,83.83,atencao
gato,unico,adulto,29.5,29.42,1.6,critico
gato,unico,adulto,26.71,62.47,12.59,atencao
gato,unico,idoso,24.21,38.14,75.35,normal
cao,pequeno,adulto,23.86,66.91,34.69,normal
cao,grande,filhote,25.18,34.86,79.06,normal
cao,medio,adulto,33.37,55.43,95.33,normal
cao,pequeno,adulto,21.93,33.51,87.88,normal
gato,unico,adulto,31.98,63.24,82.91,normal
cao,grande,adulto,25.43,81.79,49.1,atencao
cao,pequeno,idoso,21.6,83.25,50.12,critico
ave,unico,filhote,35.8,44.71,87.72,normal
gato,unico,idoso,28.21,67.91,80.28,atencao
cao,medio,adulto,27.28,43.72,4.18,critico
cao,grande,adulto,33.93,66.43,78.68,normal
ave,unico,adulto,37.39,51.19,59.77,normal
ave,unico,filhote,33.35,88.97,90.35,critico
cao,pequeno,idoso,22.69,60.96,65.03,normal
gato,unico,adulto,32.4,74.04,23.51,atencao
ave,unico,adulto,29.93,54.1,36.07,normal
gato,unico,adulto,31.41,75.72,57.58,atencao
cao,medio,adulto,34.27,60.48,57.2,normal
gato,unico,adulto,20.76,36.74,53.75,normal
cao,pequeno,filhote,31.5,77.94,99.9,atencao
gato,unico,adulto,28.81,61.81,12.82,atencao
ave,unico,filhote,30.28,59.71,90.18,normal
cao,grande,filhote,29.9,33.72,53.18,normal
gato,unico,adulto,18.74,69.69,48.73,atencao
gato,unico,filhote,26.0,38.86,27.19,normal
ave,unico,adulto,33.1,52.75,40.22,normal
ave,unico,adulto,37.42,46.94,83.66,normal
ave,unico,filhote,29.41,66.81,48.14,normal
cao,medio,adulto,31.34,19.93,74.01,atencao
cao,grande,adulto,24.19,52.83,7.72,critico
ave,unico,filhote,37.09,50.39,60.87,normal
gato,unico,adulto,26.5,67.09,4.51,critico
gato,unico,adulto,21.26,35.28,57.12,normal
gato,unico,filhote,22.32,44.75,29.87,normal
cao,medio,adulto,29.54,67.98,99.76,normal
ave,unico,adulto,30.25,60.97,90.66,atencao
ave,unico,adulto,22.68,59.64,59.96,atencao
ave,unico,adulto,28.76,62.82,43.75,normal
ave,unico,adulto,32.26,66.88,45.68,normal
gato,unico,adulto,30.55,77.4,63.63,atencao
gato,unico,filhote,27.83,46.96,1.13,critico
gato,unico,adulto,30.43,35.08,6.04,atencao
cao,pequeno,idoso,30.18,72.19,78.74,atencao
ave,unico,adulto,37.66,68.18,52.84,normal
gato,unico,filhote,31.51,61.34,94.16,normal
cao,pequeno,filhote,18.24,47.89,51.11,atencao
gato,unico,idoso,32.77,60.68,7.82,atencao
gato,unico,adulto,36.68,32.42,90.38,atencao
gato,unico,idoso,29.56,34.25,53.0,normal
gato,unico,adulto,30.56,53.32,94.55,normal
ave,unico,adulto,37.15,87.59,94.13,atencao
cao,pequeno,filhote,27.62,56.61,37.3,normal
ave,unico,filhote,32.78,50.02,66.57,normal
gato,unico,filhote,34.64,57.03,91.19,atencao
gato,unico,idoso,32.42,20.36,26.74,atencao
ave,unico,adulto,28.35,47.74,34.8,atencao
ave,unico,adulto,29.28,44.46,70.46,normal
gato,unico,filhote,31.26,69.8,42.79,atencao
ave,unico,filhote,37.66,63.58,83.07,normal
gato,unico,filhote,22.18,57.89,78.53,normal
cao,medio,adulto,36.29,55.66,86.37,normal
gato,unico,adulto,20.08,69.68,30.55,normal
gato,unico,idoso,18.71,69.87,56.91,atencao
cao,grande,filhote,36.42,22.51,55.08,atencao
cao,medio,adulto,25.6,69.73,24.92,normal
gato,unico,idoso,22.42,57.68,21.91,normal
gato,unico,filhote,21.41,84.58,42.37,critico
cao,pequeno,adulto,31.35,47.36,66.89,normal
cao,medio,idoso,19.07,52.37,45.05,atencao
cao,medio,adulto,31.35,42.38,94.16,normal
cao,medio,adulto,29.85,47.45,84.24,normal
cao,grande,adulto,19.03,20.1,95.2,atencao
ave,unico,adulto,27.31,41.48,64.51,normal
gato,unico,adulto,35.39,83.79,60.32,atencao
ave,unico,adulto,26.4,60.6,85.6,normal
gato,unico,adulto,21.31,36.91,0.06,critico
gato,unico,adulto,28.31,65.47,72.01,normal
cao,pequeno,adulto,34.73,32.52,92.73,normal
cao,medio,idoso,31.5,43.68,98.13,normal
gato,unico,idoso,24.48,63.24,90.18,normal
cao,pequeno,adulto,31.36,52.54,34.0,normal
cao,pequeno,adulto,27.98,44.27,84.42,normal
ave,unico,adulto,35.61,71.87,35.96,normal
gato,unico,adulto,31.33,67.54,82.09,normal
cao,grande,idoso,22.78,83.68,80.7,critico
gato,unico,filhote,29.4,79.58,50.43,atencao
cao,medio,filhote,25.36,54.23,87.69,normal
cao,pequeno,adulto,34.05,62.12,57.0,normal
cao,pequeno,adulto,15.69,34.79,77.5,atencao
gato,unico,filhote,21.12,49.02,27.44,normal
cao,medio,filhote,31.96,65.59,97.09,normal
cao,medio,filhote,26.76,81.74,77.04,critico
ave,unico,adulto,25.78,44.34,67.45,normal
gato,unico,adulto,24.72,41.83,20.7,normal
ave,unico,adulto,40.68,68.63,79.97,atencao
cao,medio,filhote,29.58,28.93,58.88,atencao
ave,unico,adulto,34.82,66.47,85.7,normal
cao,pequeno,filhote,27.22,47.62,30.19,atencao
ave,unico,adulto,37.97,61.12,48.21,normal
gato,unico,adulto,32.87,66.6,99.08,normal
cao,medio,filhote,32.27,66.92,46.68,normal
cao,grande,adulto,32.63,62.92,42.32,normal
cao,grande,idoso,17.63,70.77,90.89,atencao
cao,grande,adulto,16.62,64.27,69.52,atencao
cao,grande,adulto,27.77,59.74,86.17,normal
gato,unico,adulto,29.61,47.6,47.24,normal
ave,unico,filhote,35.23,58.03,35.96,atencao
cao,grande,adulto,33.36,66.64,45.83,normal
gato,unico,idoso,23.29,41.88,14.72,atencao
cao,pequeno,filhote,25.84,38.9,2.75,critico
gato,unico,idoso,24.95,76.2,99.45,atencao
cao,pequeno,filhote,22.8,34.68,78.43,normal
cao,grande,adulto,32.48,63.85,75.88,normal
gato,unico,adulto,33.36,50.44,4.57,critico
cao,grande,adulto,34.52,63.89,14.65,atencao
ave,unico,adulto,27.75,93.97,70.52,critico
cao,pequeno,adulto,26.33,54.75,4.44,critico
cao,grande,adulto,23.69,57.17,90.49,normal
gato,unico,adulto,25.22,63.66,51.64,normal
gato,unico,adulto,25.62,31.13,11.95,atencao
ave,unico,idoso,35.66,62.37,50.08,normal
ave,unico,adulto,26.45,60.05,61.1,normal
cao,grande,adulto,17.95,41.03,38.14,atencao
gato,unico,filhote,30.27,65.19,25.92,normal
gato,unico,filhote,20.36,57.06,51.07,atencao
cao,medio,idoso,21.52,65.89,99.04,normal
cao,grande,adulto,28.24,32.83,65.57,normal
gato,unico,adulto,32.49,18.63,80.76,atencao
cao,pequeno,adulto,27.93,67.12,57.16,normal
ave,unico,adulto,44.63,67.71,42.49,critico
gato,unico,filhote,32.09,60.92,36.16,normal
ave,unico,adulto,37.24,49.22,48.35,normal
ave,unico,filhote,25.36,47.82,45.34,atencao
ave,unico,adulto,30.6,60.19,90.57,normal
gato,unico,adulto,33.64,22.65,71.75,atencao
cao,medio,adulto,36.7,47.92,48.2,atencao
gato,unico,adulto,27.03,43.55,12.57,atencao
cao,medio,adulto,28.16,65.07,18.15,atencao
cao,medio,idoso,35.88,58.58,44.15,atencao
cao,pequeno,idoso,23.63,54.85,6.35,critico
gato,unico,idoso,30.48,33.82,67.92,normal
gato,unico,adulto,30.23,69.74,72.7,normal
ave,unico,filhote,28.81,45.84,78.88,normal
cao,grande,idoso,27.8,63.57,24.59,atencao
gato,unico,filhote,27.12,46.72,50.95,normal
cao,pequeno,adulto,23.39,23.47,96.42,atencao
cao,pequeno,filhote,31.24,52.68,75.07,normal
cao,medio,adulto,15.16,56.97,55.1,atencao
cao,grande,adulto,37.59,42.92,59.78,atencao
cao,pequeno,adulto,26.23,35.96,96.84,normal
cao,medio,idoso,26.28,62.76,42.78,normal
gato,unico,adulto,27.67,30.96,79.96,normal
cao,medio,adulto,36.76,52.15,51.0,critico
cao,pequeno,filhote,23.69,60.46,12.72,atencao
gato,unico,filhote,21.88,47.98,38.45,normal
cao,pequeno,filhote,30.63,54.56,25.4,atencao
cao,grande,adulto,24.87,59.62,89.67,normal
cao,medio,adulto,25.18,43.6,92.5,normal
ave,unico,adulto,25.7,52.26,21.78,atencao
gato,unico,adulto,20.41,34.51,51.66,normal
gato,unico,adulto,29.62,41.57,87.22,normal
ave,unico,adulto,31.13,73.89,97.02,normal
gato,unico,adulto,30.83,67.3,75.1,normal
cao,grande,adulto,33.43,71.15,17.1,atencao
cao,pequeno,adulto,32.03,61.56,82.0,normal
cao,pequeno,adulto,25.23,48.15,5.95,critico
gato,unico,adulto,16.67,89.62,37.9,critico
gato,unico,adulto,33.85,56.81,54.4,normal
cao,pequeno,adulto,29.2,74.77,42.41,atencao
cao,medio,adulto,33.18,63.43,42.23,normal
gato,unico,idoso,21.47,60.35,68.34,normal
cao,grande,idoso,22.41,52.97,61.33,normal
cao,medio,filhote,34.32,26.03,40.44,atencao
cao,medio,adulto,35.04,35.18,13.77,normal
cao,pequeno,idoso,26.6,49.57,39.15,normal
ave,unico,adulto,34.43,60.86,54.14,normal
gato,unico,adulto,20.19,33.11,48.29,normal
gato,unico,idoso,34.44,46.7,95.59,atencao
ave,unico,idoso,28.98,66.52,77.18,normal
cao,medio,adulto,25.65,81.3,66.51,atencao
cao,grande,filhote,25.74,45.41,91.49,atencao
cao,grande,adulto,20.59,82.56,38.77,atencao
cao,grande,idoso,26.54,46.33,65.65,atencao
ave,unico,adulto,36.33,29.17,92.87,atencao
cao,grande,adulto,28.25,46.54,30.45,normal
cao,pequeno,adulto,30.71,58.11,19.21,atencao
ave,unico,adulto,32.14,55.18,15.93,critico
cao,medio,filhote,34.53,34.81,97.56,atencao
ave,unico,adulto,40.35,68.2,45.51,atencao
cao,pequeno,adulto,24.39,57.18,48.66,normal
cao,medio,filhote,31.23,37.44,83.25,normal
cao,pequeno,filhote,36.1,62.3,28.24,atencao
gato,unico,filhote,31.69,23.22,68.45,atencao
gato,unico,adulto,27.13,22.82,88.27,atencao
cao,grande,adulto,27.38,35.11,25.37,atencao
cao,pequeno,adulto,30.17,52.0,49.82,normal
cao,medio,adulto,10.37,37.83,61.39,critico
ave,unico,adulto,35.99,56.99,56.81,normal
gato,unico,filhote,22.03,51.71,39.99,normal
cao,grande,idoso,28.97,66.22,13.73,atencao
gato,unico,adulto,34.2,31.32,66.44,atencao
ave,unico,adulto,33.67,58.54,84.55,normal
gato,unico,idoso,21.52,20.93,88.11,critico
gato,unico,adulto,32.98,33.62,24.64,normal
cao,pequeno,adulto,20.5,34.18,40.71,normal
ave,unico,filhote,44.38,61.98,53.68,critico
gato,unico,adulto,25.25,30.31,73.96,normal
cao,pequeno,idoso,34.68,52.08,67.07,atencao
cao,grande,adulto,32.35,69.27,16.17,atencao
ave,unico,filhote,35.13,45.59,86.87,normal
cao,medio,idoso,36.77,38.73,25.73,critico
gato,unico,adulto,29.08,52.79,29.25,normal
gato,unico,adulto,31.73,68.43,18.48,normal
cao,grande,adulto,39.95,59.63,70.11,critico
gato,unico,adulto,29.4,45.57,56.46,normal
gato,unico,adulto,33.86,38.56,50.52,normal
cao,pequeno,idoso,24.85,59.01,83.34,normal
gato,unico,idoso,24.53,35.77,6.02,atencao
gato,unico,adulto,25.98,79.37,90.59,atencao
cao,grande,adulto,23.15,69.28,77.65,normal
gato,unico,adulto,26.95,47.24,96.12,normal
gato,unico,idoso,23.5,43.6,42.99,normal
cao,pequeno,adulto,24.34,48.74,99.19,normal
cao,grande,adulto,17.53,68.35,37.93,atencao
gato,unico,adulto,30.08,54.58,72.77,normal
ave,unico,adulto,29.92,50.99,79.47,normal
ave,unico,adulto,28.02,54.69,47.23,normal
gato,unico,adulto,20.12,68.8,51.69,normal
cao,grande,adulto,34.54,35.61,69.05,normal
cao,grande,adulto,23.01,61.6,21.76,atencao
gato,unico,adulto,21.58,66.48,31.54,normal
ave,unico,adulto,20.52,44.5,40.94,atencao
ave,unico,idoso,28.17,63.11,90.05,normal
cao,pequeno,filhote,26.34,56.55,43.53,atencao
gato,unico,idoso,32.63,44.9,87.31,normal
cao,pequeno,adulto,34.18,64.59,30.03,normal
cao,medio,idoso,29.42,19.2,33.95,critico
gato,unico,adulto,22.72,56.25,87.67,normal
gato,unico,idoso,24.06,44.12,61.88,normal
cao,pequeno,adulto,23.17,62.45,83.02,normal
gato,unico,adulto,22.03,48.55,80.86,normal
gato,unico,idoso,25.06,54.53,21.78,normal
gato,unico,adulto,28.52,36.11,85.6,normal
gato,unico,idoso,18.59,59.01,96.25,atencao
cao,medio,adulto,32.74,68.06,67.6,normal
gato,unico,adulto,36.74,60.04,20.43,normal
cao,pequeno,idoso,30.24,28.22,30.45,atencao
gato,unico,adulto,30.47,22.51,56.61,atencao
gato,unico,filhote,26.48,20.45,85.5,atencao
gato,unico,filhote,31.51,56.18,62.21,normal
cao,grande,idoso,33.37,37.08,81.5,normal
ave,unico,adulto,26.8,53.36,28.78,critico
cao,grande,adulto,31.06,30.15,44.54,normal
gato,unico,adulto,27.53,51.31,69.2,normal
gato,unico,idoso,17.94,66.96,23.55,atencao
gato,unico,adulto,20.61,38.69,97.54,normal
cao,medio,idoso,33.61,55.27,91.54,normal
cao,medio,adulto,23.21,68.88,35.71,normal
ave,unico,filhote,21.81,79.68,87.12,atencao
cao,medio,adulto,25.5,69.12,57.58,normal
cao,pequeno,adulto,22.26,48.64,75.93,normal
cao,medio,idoso,31.74,48.6,71.31,normal
cao,medio,adulto,24.01,55.84,98.95,normal
gato,unico,adulto,20.69,65.46,62.79,normal
gato,unico,adulto,23.53,68.2,56.09,normal
gato,unico,adulto,24.64,37.26,35.78,normal
cao,pequeno,adulto,32.49,54.58,93.49,normal
ave,unico,adulto,28.25,44.24,35.4,normal
cao,pequeno,adulto,27.62,70.64,56.48,atencao
cao,grande,idoso,27.0,83.66,30.5,critico
cao,grande,filhote,31.54,43.22,39.98,normal
ave,unico,adulto,28.17,56.4,62.62,normal
gato,unico,adulto,24.04,28.9,82.78,atencao
ave,unico,adulto,34.01,67.35,26.48,atencao
cao,medio,filhote,28.71,44.86,17.53,atencao
cao,pequeno,adulto,31.35,48.16,40.91,normal
cao,grande,adulto,16.46,80.17,65.95,atencao
gato,unico,adulto,25.61,47.23,19.88,normal
gato,unico,adulto,26.37,61.82,47.98,normal
cao,pequeno,adulto,25.75,30.63,16.87,atencao
gato,unico,adulto,20.35,52.81,58.08,normal
ave,unico,filhote,36.05,59.93,60.2,normal
gato,unico,adulto,27.23,57.99,22.99,normal
cao,grande,adulto,29.32,84.88,74.17,atencao
cao,grande,adulto,19.11,50.47,78.85,atencao
ave,unico,adulto,29.35,50.71,78.39,normal
gato,unico,adulto,38.88,69.3,11.65,critico
gato,unico,adulto,33.39,38.06,88.44,normal
gato,unico,adulto,24.5,69.58,28.4,normal
cao,grande,idoso,27.71,59.96,59.95,normal
ave,unico,adulto,31.55,74.52,26.38,atencao
gato,unico,adulto,28.46,32.18,86.59,normal
cao,grande,adulto,29.72,46.16,26.21,normal
gato,unico,filhote,28.09,33.43,17.75,normal
gato,unico,adulto,28.63,37.56,31.31,normal
gato,unico,idoso,28.82,34.83,43.46,normal
ave,unico,adulto,27.09,60.31,78.01,normal
gato,unico,adulto,30.1,10.25,13.89,critico
ave,unico,adulto,34.32,61.59,75.68,normal
gato,unico,adulto,38.28,34.04,66.47,critico
gato,unico,adulto,29.52,55.72,88.2,normal
ave,unico,adulto,31.81,44.71,53.81,normal
cao,medio,adulto,19.96,42.1,19.52,atencao
cao,pequeno,idoso,28.54,59.69,50.15,normal
ave,unico,adulto,35.58,53.39,61.73,normal
gato,unico,adulto,29.42,61.37,11.67,atencao
cao,medio,adulto,33.5,41.41,92.55,atencao
gato,unico,adulto,34.39,12.74,57.04,critico
cao,medio,adulto,24.66,50.15,37.13,normal
gato,unico,idoso,25.44,36.36,64.74,normal
ave,unico,filhote,41.01,66.48,95.0,critico
gato,unico,idoso,30.05,60.96,35.48,normal
cao,pequeno,filhote,35.49,56.27,67.09,atencao
gato,unico,adulto,29.34,39.35,56.62,normal
cao,medio,filhote,26.11,36.05,73.57,normal
